STATION,DATE,SOURCE,LATITUDE,LONGITUDE,ELEVATION,NAME,REPORT_TYPE,CALL_SIGN,QUALITY_CONTROL,WND,CIG,VIS,TMP,DEW,SLP,AA1,AA2,AA3,AB1,AD1,AE1,AH1,AH2,AH3,AH4,AH5,AH6,AI1,AI2,AI3,AI4,AI5,AI6,AJ1,AK1,AM1,AN1,AT1,AT2,AT3,AT4,AT5,AT6,AU1,AU2,AU3,AW1,AW2,AW3,AW4,AX1,AX2,AX3,AX4,ED1,GA1,GA2,GA3,GD1,GD2,GD3,GD4,GE1,GF1,KA1,KA2,KB1,KB2,KB3,KC1,KC2,KD1,KD2,KE1,KG1,KG2,MA1,MD1,MF1,MG1,MH1,MK1,MV1,MW1,MW2,OC1,OD1,OE1,OE2,OE3,RH1,RH2,RH3,WA1,REM,EQD
72698024229,2021-06-19T00:00:00,4,45.59578,-122.60919,6.7,"PORTLAND INTERNATIONAL AIRPORT, OR US",FM-12,99999,V020,"310,1,N,0072,1","22000,1,9,N","016000,1,9,9","+0267,1","+0089,1","10161,1",,,,,,,,,,,,,,,,,,,,,,,,,,,,,,,,,,,,,,,,,,,,,,,,"9,AGL   ,+99999,+99999","02,99,1,99,9,99,9,99999,9,99,9,99,9","120,M,+0267,1","120,N,+0139,1",,,,,,,,,,,"99999,9,10154,1","6,1,013,1,+999,9",,,,,,,,,"4,99,0093,1,999",,,,,,,,SYN08672698 32966 23114 10267 20089 30154 40161 56013 92353 333 10267 20139 91018 555 91900=,
72698024229,2021-06-19T00:53:00,7,45.59578,-122.60919,6.7,"PORTLAND INTERNATIONAL AIRPORT, OR US",FM-15,KPDX ,V030,"320,5,N,0062,5","22000,5,9,N","016093,5,N,5","+0261,5","+0106,5","10158,5","01,0000,9,5",,,,,,,,,,,,,,,,,,,,,,,,,,,,,,,,,,,,,,,,"02,5,+06096,5,99,9",,,"1,99,1,+06096,5,9",,,,"9,AGL   ,+99999,+99999","02,99,5,99,9,99,9,06096,1,99,9,99,9",,,,,,,,,,,,,"10159,5,10119,5",,,,,,,,,,,,,,,,,,MET09306/18/21 16:53:01 METAR KPDX 190053Z 32012KT 10SM FEW200 26/11 A3000 RMK AO2 SLP158 T02610106,D01      0ADE726
72698024229,2021-06-19T01:53:00,7,45.59578,-122.60919,6.7,"PORTLAND INTERNATIONAL AIRPORT, OR US",FM-15,KPDX ,V030,"310,5,N,0051,5","22000,5,9,N","016093,5,N,5","+0250,5","+0111,5","10159,5","01,0000,9,5",,,,,,,,,,,,,,,,,,,,,,,,,,,,,,,,,,,,,,,,"02,5,+06096,5,99,9",,,"1,99,1,+06096,5,9",,,,"9,AGL   ,+99999,+99999","02,99,5,99,9,99,9,06096,1,99,9,99,9",,,,,,,,,,,,,"10159,5,10119,5",,,,,,,,,"0088,5",,,,,,,,,MET09606/18/21 17:53:01 METAR KPDX 190153Z 31010G17KT 10SM FEW200 25/11 A3000 RMK AO2 SLP159 T02500111,D01      0ADE726
72698024229,2021-06-19T02:53:00,7,45.59578,-122.60919,6.7,"PORTLAND INTERNATIONAL AIRPORT, OR US",FM-15,KPDX ,V030,"310,5,N,0062,5","22000,5,9,N","016093,5,N,5","+0228,5","+0106,5","10164,5","01,0000,9,5",,,,,,,,,,,,,,,,,,,,,,,,,,,,,,,,,,,,,,,,"02,5,+06096,5,99,9",,,"1,99,1,+06096,5,9",,,,"9,AGL   ,+99999,+99999","02,99,5,99,9,99,9,06096,1,99,9,99,9",,,,,,,,,,,,,"10166,5,10126,5","3,9,002,9,+999,9",,,,,,,,,,,,,,,,,MET09906/18/21 18:53:01 METAR KPDX 190253Z 31012KT 10SM FEW200 23/11 A3002 RMK AO2 SLP164 T02280106 53002,D01      0ADE726
72698024229,2021-06-19T03:53:00,7,45.59578,-122.60919,6.7,"PORTLAND INTERNATIONAL AIRPORT, OR US",FM-15,KPDX ,V030,"320,5,N,0051,5","22000,5,9,N","016093,5,N,5","+0206,5","+0094,5","10169,5","01,0000,9,5",,,,,,,,,,,,,,,,,,,,,,,,,,,,,,,,,,,,,,,,"02,5,+06096,5,99,9",,,"1,99,1,+06096,5,9",,,,"9,AGL   ,+99999,+99999","02,99,5,99,9,99,9,06096,1,99,9,99,9",,,,,,,,,,,,,"10169,5,10130,5",,,,,,,,,,,,,,,,,,MET09306/18/21 19:53:02 METAR KPDX 190353Z 32010KT 10SM FEW200 21/09 A3003 RMK AO2 SLP169 T02060094,D01      0ADE726
72698024229,2021-06-19T04:53:00,7,45.59578,-122.60919,6.7,"PORTLAND INTERNATIONAL AIRPORT, OR US",FM-15,KPDX ,V030,"330,5,V,0041,5","22000,5,9,N","016093,5,N,5","+0178,5","+0083,5","10178,5","01,0000,9,5",,,,,,,,,,,,,,,,,,,,,,,,,,,,,,,,,,,,,,,,"04,5,+07620,5,99,9",,,"2,99,1,+07620,5,9",,,,"9,AGL   ,+99999,+99999","04,99,5,99,9,99,9,07620,1,99,9,99,9",,,,,,,,,,,,,"10179,5,10140,5",,,,,,,,,,,,,,,,,,MET09306/18/21 20:53:02 METAR KPDX 190453Z 33008KT 10SM SCT250 18/08 A3006 RMK AO2 SLP178 T01780083,D01      0ADE726
72698024229,2021-06-19T05:53:00,7,45.59578,-122.60919,6.7,"PORTLAND INTERNATIONAL AIRPORT, OR US",FM-15,KPDX ,V030,"320,5,N,0057,5","22000,5,9,N","016093,5,N,5","+0161,5","+0083,5","10183,5","01,0000,9,5",,,,,,,,,,,,,,,,,,,,,,,,,,,,,,,,,,,,,,,,"02,5,+07620,5,99,9",,,"1,99,1,+07620,5,9",,,,"9,AGL   ,+99999,+99999","02,99,5,99,9,99,9,07620,1,99,9,99,9","060,M,+0272,1","060,N,+0161,1",,,,,,,,,,,"10183,5,10143,5","3,9,019,9,+999,9",,,,,,,,,,,,,,,,,MET11106/18/21 21:53:02 METAR KPDX 190553Z 32011KT 10SM FEW250 16/08 A3007 RMK AO2 SLP183 T01610083 10272 20161 53019,D01      0ADE726
72698024229,2021-06-19T06:00:00,4,45.59578,-122.60919,6.7,"PORTLAND INTERNATIONAL AIRPORT, OR US",FM-12,99999,V020,"320,1,N,0057,1","22000,1,9,N","016000,1,9,9","+0161,1","+0083,1","10183,1",,,,,,,,,,,,,,,,,,,,,,,,,,,,,,,,,,,,,,,,,,,,,,,,"9,AGL   ,+99999,+99999","02,99,1,99,9,99,9,99999,9,99,9,99,9","240,M,+0272,1","240,N,+0139,1",,,,,,,,,,,"99999,9,10174,1","3,1,019,1,+999,9",,,,,,,,,,,,,,,,,SYN08072698 32966 23211 10161 20083 30174 40183 53019 90553 333 10272 20139 555 91906=,
72698024229,2021-06-19T06:53:00,7,45.59578,-122.60919,6.7,"PORTLAND INTERNATIONAL AIRPORT, OR US",FM-15,KPDX ,V030,"330,5,N,0041,5","22000,5,9,N","016093,5,N,5","+0156,5","+0078,5","10185,5","01,0000,9,5",,,,,,,,,,,,,,,,,,,,,,,,,,,,,,,,,,,,,,,,"02,5,+07620,5,99,9",,,"1,99,1,+07620,5,9",,,,"9,AGL   ,+99999,+99999","02,99,5,99,9,99,9,07620,1,99,9,99,9",,,,,,,,,,,,,"10186,5,10146,5",,,,,,,,,,,,,,,,,,MET09306/18/21 22:53:02 METAR KPDX 190653Z 33008KT 10SM FEW250 16/08 A3008 RMK AO2 SLP185 T01560078,D01      0ADE726
72698024229,2021-06-19T07:53:00,7,45.59578,-122.60919,6.7,"PORTLAND INTERNATIONAL AIRPORT, OR US",FM-15,KPDX ,V030,"330,5,N,0026,5","22000,5,9,N","016093,5,N,5","+0144,5","+0078,5","10186,5","01,0000,9,5",,,,,,,,,,,,,,,,,,,,,,,,,,,,,,,,,,,,,,,,"00,5,+99999,9,99,9",,,"0,99,1,+99999,9,9",,,,,"00,99,1,99,9,99,9,99999,9,99,9,99,9","240,M,+0272,1","240,N,+0133,1",,,,,,,,,,,"10190,5,10150,5",,,,,,,,,,,,,,,,,,MET10006/18/21 23:53:02 METAR KPDX 190753Z 33005KT 10SM CLR 14/08 A3009 RMK AO2 SLP186 T01440078 402720133,
72698024229,2021-06-19T07:59:00,6,45.59578,-122.60919,6.7,"PORTLAND INTERNATIONAL AIRPORT, OR US",SOD  ,KPDX ,V030,"999,9,9,9999,9","99999,9,9,9","999999,9,9,9","+9999,9","+9999,9","99999,9","24,0000,9,5",,,,,,,,,,,,,,,,,,"0000,9,5,999999,9,9",,,"024,0000,9,5",,,,,,,,,,,,,,,,,,,,,,,,,,,,"240,M,+0272,5","240,N,+0133,5",,,,,,,,,"024,W,+0139,D,4","024,D,+0089,D,4",,,"10142,4,10179,4","10141,4,10159,4",,,,,,,,"1,24,00983,300,9999,5","2,24,00805,320,9999,5","3,24,00416,999,9999,5","024,X,072,D,4","024,N,033,D,4","024,M,052,D,4",,SOD73924 HR PRECIPITATION (IN): 0.00 SNOW DEPTH (IN):0     24 HR SNOWFALL (IN):0.0  24 HR MAX TEMP (F): 8124 HR MIN TEMP (F): 56AVERAGE STATION PRESSURE:29.945 MINIMUM SEA LEVEL PRESSURE:30.00 TIME OF OCCURRENCE:1839 PEAK WIND SPEED (MPH): 22 PEAK WIND DIR (DEG):300 PEAK WIND TIME (LST):      FASTEST 2MIN SPEED (MPH): 18FASTEST 2MIN DIR (DEG):320 FASTEST 2MIN TIME (LST):     AVERAGE WIND SPEED (MPH): 9.3 24 HR AVG TEMP (F): 69DEPART FROM NORMAL:  5  HEATING DEGREE DAYS:  0 COOLING DEGREE DAYS:  4 LATEST DAY MAX TEMP (0700-1900 LST):81  LATEST NIGHT MIN TEMP(1900-0800 LST):56 HOURLY INCREMENTAL PRECIPITATION VALUES (IN):.00 0.00 0.00 0.00 0.00 0.00 0.00 0.00 0.00 0.00 0.00 0.00 0.00 0.00 0.00 0.00 0.00 0.00 0.00 0.00 0.00 0.00 0.00 0.00,
72698024229,2021-06-19T08:53:00,7,45.59578,-122.60919,6.7,"PORTLAND INTERNATIONAL AIRPORT, OR US",FM-15,KPDX ,V030,"330,5,N,0026,5","22000,5,9,N","016093,5,N,5","+0139,5","+0078,5","10188,5","01,0000,9,5",,,,,,,,,,,,,,,,,,,,,,,,,,,,,,,,,,,,,,,,"00,5,+99999,9,99,9",,,"0,99,1,+99999,9,9",,,,,"00,99,1,99,9,99,9,99999,9,99,9,99,9",,,,,,,,,,,,,"10190,5,10150,5","3,9,005,9,+999,9",,,,,,,,,,,,,,,,,MET10206/19/21 00:53:02 METAR KPDX 190853Z 33005KT 10SM CLR 14/08 A3009 RMK AO2 SLP188 T01390078 53005 (CEW),
72698024229,2021-06-19T09:53:00,7,45.59578,-122.60919,6.7,"PORTLAND INTERNATIONAL AIRPORT, OR US",FM-15,KPDX ,V030,"320,5,N,0036,5","22000,5,9,N","016093,5,N,5","+0133,5","+0083,5","10190,5","01,0000,9,5",,,,,,,,,,,,,,,,,,,,,,,,,,,,,,,,,,,,,,,,"00,5,+99999,9,99,9",,,"0,99,1,+99999,9,9",,,,,"00,99,1,99,9,99,9,99999,9,99,9,99,9",,,,,,,,,,,,,"10193,5,10153,5",,,,,,,,,,,,,,,,,,MET09606/19/21 01:53:02 METAR KPDX 190953Z 32007KT 10SM CLR 13/08 A3010 RMK AO2 SLP190 T01330083 (CEW),
72698024229,2021-06-19T10:53:00,7,45.59578,-122.60919,6.7,"PORTLAND INTERNATIONAL AIRPORT, OR US",FM-15,KPDX ,V030,"340,5,N,0026,5","22000,5,9,N","016093,5,N,5","+0133,5","+0083,5","10189,5","01,0000,9,5",,,,,,,,,,,,,,,,,,,,,,,,,,,,,,,,,,,,,,,,"00,5,+99999,9,99,9",,,"0,99,1,+99999,9,9",,,,,"00,99,1,99,9,99,9,99999,9,99,9,99,9",,,,,,,,,,,,,"10193,5,10153,5",,,,,,,,,,,,,,,,,,MET09606/19/21 02:53:02 METAR KPDX 191053Z 34005KT 10SM CLR 13/08 A3010 RMK AO2 SLP189 T01330083 (CEW),
72698024229,2021-06-19T11:53:00,7,45.59578,-122.60919,6.7,"PORTLAND INTERNATIONAL AIRPORT, OR US",FM-15,KPDX ,V030,"999,9,V,0021,5","22000,5,9,N","016093,5,N,5","+0128,5","+0083,5","10195,5","01,0000,9,5",,,,,,,,,,,,,,,,,,,,,,,,,,,,,,,,,,,,,,,,"02,5,+00610,5,99,9","04,5,+03048,5,99,9",,"1,99,1,+00610,5,9","2,99,1,+03048,5,9",,,"9,AGL   ,+99999,+99999","04,99,5,99,9,99,9,00610,1,99,9,99,9","060,M,+0161,1","060,N,+0128,1",,,,,,,,,,,"10196,5,10157,5","3,9,007,9,+999,9",,,,,,,,,,,,,,,,,MET12406/19/21 03:53:02 METAR KPDX 191153Z VRB04KT 10SM FEW020 SCT100 13/08 A3011 RMK AO2 SLP195 T01280083 10161 20128 53007 (CEW),D01      0ADE726
72698024229,2021-06-19T12:00:00,4,45.59578,-122.60919,6.7,"PORTLAND INTERNATIONAL AIRPORT, OR US",FM-12,99999,V020,"999,9,N,0021,1","22000,1,9,N","016000,1,9,9","+0128,1","+0083,1","10195,1",,,,,,,,,,,,,,,,,,,,,,,,,,,,,,,,,,,,,,,,,"99,9,+00800,1,99,9",,,,,,,"9,AGL   ,+99999,+99999","04,99,1,99,9,99,9,00800,1,99,9,99,9","240,M,+0272,1","240,N,+0128,1",,,,,,,,,,,"99999,9,10187,1","3,1,007,1,+999,9",,,,,,,,,,,,,,,,,SYN08072698 32566 4//04 10128 20083 30187 40195 53007 91153 333 10272 20128 555 91912=,
72698024229,2021-06-19T12:53:00,7,45.59578,-122.60919,6.7,"PORTLAND INTERNATIONAL AIRPORT, OR US",FM-15,KPDX ,V030,"999,9,V,0026,5","03048,5,M,N","016093,5,N,5","+0128,5","+0089,5","10197,5","01,0000,9,5",,,,,,,,,,,,,,,,,,,,,,,,,,,,,,,,,,,,,,,,"04,5,+00762,5,99,9","07,5,+03048,5,99,9",,"2,99,1,+00762,5,9","3,99,1,+03048,5,9",,,"9,AGL   ,+99999,+99999","99,99,9,99,9,99,9,00762,1,99,9,99,9",,,,,,,,,,,,,"10200,5,10160,5",,,,,,,,,,,,,,,,,,MET10606/19/21 04:53:02 METAR KPDX 191253Z VRB05KT 10SM SCT025 BKN100 13/09 A3012 RMK AO2 SLP197 T01280089 (FAM),
72698024229,2021-06-19T13:01:00,7,45.59578,-122.60919,6.7,"PORTLAND INTERNATIONAL AIRPORT, OR US",FM-16,KPDX ,V030,"340,5,N,0021,5","00762,5,M,N","016093,5,N,5","+0128,5","+0089,5","99999,9",,,,,,,,,,,,,,,,,,,,,,,,,,,,,,,,,,,,,,,,,"07,5,+00762,5,99,9","07,5,+03048,5,99,9",,"3,99,1,+00762,5,9","3,99,1,+03048,5,9",,,"9,AGL   ,+99999,+99999","99,99,9,99,9,99,9,00762,1,99,9,99,9",,,,,,,,,,,,,"10200,5,10160,5",,,,,,,,,,,,,,,,,,MET09906/19/21 05:01:02 SPECI KPDX 191301Z 34004KT 10SM BKN025 BKN100 13/09 A3012 RMK AO2 T01280089 (FAM),
72698024229,2021-06-19T13:53:00,7,45.59578,-122.60919,6.7,"PORTLAND INTERNATIONAL AIRPORT, OR US",FM-15,KPDX ,V030,"999,9,V,0015,5","00640,5,M,N","016093,5,N,5","+0133,5","+0089,5","10201,5","01,0000,9,5",,,,,,,,,,,,,,,,,,,,,,,,,,,,,,,,,,,,,,,,"07,5,+00640,5,99,9","07,5,+03048,5,99,9",,"3,99,1,+00640,5,9","3,99,1,+03048,5,9",,,"9,AGL   ,+99999,+99999","99,99,9,99,9,99,9,00640,1,99,9,99,9",,,,,,,,,,,,,"10203,5,10163,5",,,,,,,,,,,,,,,,,,MET10606/19/21 05:53:02 METAR KPDX 191353Z VRB03KT 10SM BKN021 BKN100 13/09 A3013 RMK AO2 SLP201 T01330089 (FAM),
72698024229,2021-06-19T14:53:00,7,45.59578,-122.60919,6.7,"PORTLAND INTERNATIONAL AIRPORT, OR US",FM-15,KPDX ,V030,"350,5,N,0041,5","00579,5,M,N","016093,5,N,5","+0139,5","+0089,5","10203,5","01,0000,9,5",,,,,,,,,,,,,,,,,,,,,,,,,,,,,,,,,,,,,,,,"07,5,+00579,5,99,9",,,"3,99,1,+00579,5,9",,,,"9,AGL   ,+99999,+99999","99,99,9,99,9,99,9,00579,1,99,9,99,9",,,,,,,,,,,,,"10203,5,10163,5","3,9,007,9,+999,9",,,,,,,,,,,,,,,,,MET10506/19/21 06:53:02 METAR KPDX 191453Z 35008KT 10SM BKN019 14/09 A3013 RMK AO2 SLP203 T01390089 53007 (FAM),
72698024229,2021-06-19T15:53:00,7,45.59578,-122.60919,6.7,"PORTLAND INTERNATIONAL AIRPORT, OR US",FM-15,KPDX ,V030,"010,5,N,0026,5","00610,5,M,N","016093,5,N,5","+0156,5","+0094,5","10201,5","01,0000,9,5",,,,,,,,,,,,,,,,,,,,,,,,,,,,,,,,,,,,,,,,"07,5,+00610,5,99,9",,,"3,99,1,+00610,5,9",,,,"9,AGL   ,+99999,+99999","99,99,9,99,9,99,9,00610,1,99,9,99,9",,,,,,,,,,,,,"10203,5,10163,5",,,,,,,,,,,,,,,,,,MET09906/19/21 07:53:02 METAR KPDX 191553Z 01005KT 10SM BKN020 16/09 A3013 RMK AO2 SLP201 T01560094 (FAM),
72698024229,2021-06-19T16:53:00,7,45.59578,-122.60919,6.7,"PORTLAND INTERNATIONAL AIRPORT, OR US",FM-15,KPDX ,V030,"030,5,N,0026,5","00610,5,M,N","016093,5,N,5","+0161,5","+0094,5","10199,5","01,0000,9,5",,,,,,,,,,,,,,,,,,,,,,,,,,,,,,,,,,,,,,,,"07,5,+00610,5,99,9",,,"3,99,1,+00610,5,9",,,,"9,AGL   ,+99999,+99999","99,99,9,99,9,99,9,00610,1,99,9,99,9",,,,,,,,,,,,,"10200,5,10160,5",,,,,,,,,,,,,,,,,,MET09906/19/21 08:53:02 METAR KPDX 191653Z 03005KT 10SM BKN020 16/09 A3012 RMK AO2 SLP199 T01610094 (FAM),
72698024229,2021-06-19T17:45:00,7,45.59578,-122.60919,6.7,"PORTLAND INTERNATIONAL AIRPORT, OR US",FM-16,KPDX ,V030,"999,9,C,0000,5","07620,5,M,N","016093,5,N,5","+0172,5","+0100,5","99999,9",,,,,,,,,,,,,,,,,,,,,,,,,,,,,,,,,,,,,,,,,"04,5,+00610,5,99,9","07,5,+07620,5,99,9",,"2,99,1,+00610,5,9","3,99,1,+07620,5,9",,,"9,AGL   ,+99999,+99999","99,99,9,99,9,99,9,00610,1,99,9,99,9",,,,,,,,,,,,,"10196,5,10157,5",,,,,,,,,,,,,,,,,,MET09906/19/21 09:45:02 SPECI KPDX 191745Z 00000KT 10SM SCT020 BKN250 17/10 A3011 RMK AO2 T01720100 (FAM),
72698024229,2021-06-19T17:53:00,7,45.59578,-122.60919,6.7,"PORTLAND INTERNATIONAL AIRPORT, OR US",FM-15,KPDX ,V030,"999,9,C,0000,5","07620,5,M,N","016093,5,N,5","+0178,5","+0100,5","10194,5","01,0000,9,5",,,,,,,,,,,,,,,,,,,,,,,,,,,,,,,,,,,,,,,,"04,5,+00610,5,99,9","07,5,+07620,5,99,9",,"2,99,1,+00610,5,9","3,99,1,+07620,5,9",,,"9,AGL   ,+99999,+99999","99,99,9,99,9,99,9,00610,1,99,9,99,9","060,M,+0178,1","060,N,+0128,1",,,,,,,,,,,"10196,5,10157,5","8,9,009,9,+999,9",,,,,,,,,,,,,,,,,MET12406/19/21 09:53:02 METAR KPDX 191753Z 00000KT 10SM SCT020 BKN250 18/10 A3011 RMK AO2 SLP194 T01780100 10178 20128 58009 (FAM),
72698024229,2021-06-19T18:00:00,4,45.59578,-122.60919,6.7,"PORTLAND INTERNATIONAL AIRPORT, OR US",FM-12,99999,V020,"999,9,C,0000,1","99999,9,9,N","016000,1,9,9","+0178,1","+0100,1","10194,1",,,,,,,,,,,,,,,,,,,,,,,,,,,,,,,,,,,,,,,,,"99,9,+00800,1,99,9",,,,,,,"9,AGL   ,+99999,+99999","06,99,1,99,9,99,9,00800,1,99,9,99,9","120,M,+0178,1","120,N,+0128,1",,,,,,,,,,,"99999,9,10187,1","8,1,009,1,+999,9",,,,,,,,,,,,,,,,,SYN08072698 32566 60000 10178 20100 30187 40194 58009 91753 333 10178 20128 555 91918=,
72698024229,2021-06-19T18:53:00,7,45.59578,-122.60919,6.7,"PORTLAND INTERNATIONAL AIRPORT, OR US",FM-15,KPDX ,V030,"999,9,C,0000,5","22000,5,9,N","016093,5,N,5","+0189,5","+0106,5","10191,5","01,0000,9,5",,,,,,,,,,,,,,,,,,,,,,,,,,,,,,,,,,,,,,,,"02,5,+00610,5,99,9","02,5,+03048,5,99,9",,"1,99,1,+00610,5,9","1,99,1,+03048,5,9",,,"9,AGL   ,+99999,+99999","02,99,5,99,9,99,9,00610,1,99,9,99,9",,,,,,,,,,,,,"10193,5,10153,5",,,,,,,,,,,,,,,,,,MET10606/19/21 10:53:02 METAR KPDX 191853Z 00000KT 10SM FEW020 FEW100 19/11 A3010 RMK AO2 SLP191 T01890106 (FAM),D01      0ADE726
72698024229,2021-06-19T19:53:00,7,45.59578,-122.60919,6.7,"PORTLAND INTERNATIONAL AIRPORT, OR US",FM-15,KPDX ,V030,"999,9,V,0015,5","22000,5,9,N","016093,5,N,5","+0211,5","+0100,5","10185,5","01,0000,9,5",,,,,,,,,,,,,,,,,,,,,,,,,,,,,,,,,,,,,,,,"02,5,+03048,5,99,9",,,"1,99,1,+03048,5,9",,,,"9,AGL   ,+99999,+99999","02,99,5,99,9,99,9,03048,1,99,9,99,9",,,,,,,,,,,,,"10186,5,10146,5",,,,,,,,,,,,,,,,,,MET09906/19/21 11:53:02 METAR KPDX 191953Z VRB03KT 10SM FEW100 21/10 A3008 RMK AO2 SLP185 T02110100 (FAM),D01      0ADE726
72698024229,2021-06-19T20:53:00,7,45.59578,-122.60919,6.7,"PORTLAND INTERNATIONAL AIRPORT, OR US",FM-15,KPDX ,V030,"999,9,V,0021,5","22000,5,9,N","016093,5,N,5","+0239,5","+0100,5","10176,5","01,0000,9,5",,,,,,,,,,,,,,,,,,,,,,,,,,,,,,,,,,,,,,,,"02,5,+03048,5,99,9",,,"1,99,1,+03048,5,9",,,,"9,AGL   ,+99999,+99999","02,99,5,99,9,99,9,03048,1,99,9,99,9",,,,,,,,,,,,,"10176,5,10136,5","8,9,018,9,+999,9",,,,,,,,,,,,,,,,,MET10406/19/21 12:53:02 METAR KPDX 192053Z VRB04KT 10SM FEW100 24/10 A3005 RMK AO2 SLP176 T02390100 58018 (RN),D01      0ADE726
72698024229,2021-06-19T21:53:00,7,45.59578,-122.60919,6.7,"PORTLAND INTERNATIONAL AIRPORT, OR US",FM-15,KPDX ,V030,"320,5,N,0046,5","22000,5,9,N","016093,5,N,5","+0261,5","+0100,5","10167,5","01,0000,9,5",,,,,,,,,,,,,,,,,,,,,,,,,,,,,,,,,,,,,,,,"00,5,+99999,9,99,9",,,"0,99,1,+99999,9,9",,,,,"00,99,1,99,9,99,9,99999,9,99,9,99,9",,,,,,,,,,,,,"10169,5,10130,5",,,,,,,,,,,,,,,,,,MET09506/19/21 13:53:02 METAR KPDX 192153Z 32009KT 10SM CLR 26/10 A3003 RMK AO2 SLP167 T02610100 (RN),
72698024229,2021-06-19T22:53:00,7,45.59578,-122.60919,6.7,"PORTLAND INTERNATIONAL AIRPORT, OR US",FM-15,KPDX ,V030,"320,5,N,0057,5","22000,5,9,N","016093,5,N,5","+0272,5","+0111,5","10160,5","01,0000,9,5",,,,,,,,,,,,,,,,,,,,,,,,,,,,,,,,,,,,,,,,"00,5,+99999,9,99,9",,,"0,99,1,+99999,9,9",,,,,"00,99,1,99,9,99,9,99999,9,99,9,99,9",,,,,,,,,,,,,"10163,5,10123,5",,,,,,,,,"0088,5",,,,,,,,,MET09806/19/21 14:53:02 METAR KPDX 192253Z 32011G17KT 10SM CLR 27/11 A3001 RMK AO2 SLP160 T02720111 (RN),
72698024229,2021-06-19T23:53:00,7,45.59578,-122.60919,6.7,"PORTLAND INTERNATIONAL AIRPORT, OR US",FM-15,KPDX ,V030,"340,5,V,0036,5","22000,5,9,N","016093,5,N,5","+0272,5","+0122,5","10151,5","01,0000,9,5",,,,,,,,,,,,,,,,,,,,,,,,,,,,,,,,,,,,,,,,"00,5,+99999,9,99,9",,,"0,99,1,+99999,9,9",,,,,"00,99,1,99,9,99,9,99999,9,99,9,99,9","060,M,+0278,1","060,N,+0172,1",,,,,,,,,,,"10152,5,10113,5","7,9,024,9,+999,9",,,,,,,,,,,,,,,,,MET11306/19/21 15:53:02 METAR KPDX 192353Z 34007KT 10SM CLR 27/12 A2998 RMK AO2 SLP151 T02720122 10278 20172 57024 (RN),
72698024229,2021-06-20T00:00:00,4,45.59578,-122.60919,6.7,"PORTLAND INTERNATIONAL AIRPORT, OR US",FM-12,99999,V020,"340,1,N,0036,1","99999,9,9,N","016000,1,9,9","+0272,1","+0122,1","10151,1",,,,,,,,,,,,,,,,,,,,,,,,,,,,,,,,,,,,,,,,,,,,,,,,,,"120,M,+0278,1","120,N,+0128,1",,,,,,,,,,,"99999,9,10143,1","7,1,024,1,+999,9",,,,,,,,,,,,,,,,,SYN08072698 32966 03407 10272 20122 30143 40151 57024 92353 333 10278 20128 555 92000=,
72698024229,2021-06-20T00:53:00,7,45.59578,-122.60919,6.7,"PORTLAND INTERNATIONAL AIRPORT, OR US",FM-15,KPDX ,V030,"330,5,N,0046,5","22000,5,9,N","016093,5,N,5","+0267,5","+0128,5","10146,5","01,0000,9,5",,,,,,,,,,,,,,,,,,,,,,,,,,,,,,,,,,,,,,,,"00,5,+99999,9,99,9",,,"0,99,1,+99999,9,9",,,,,"00,99,1,99,9,99,9,99999,9,99,9,99,9",,,,,,,,,,,,,"10149,5,10109,5",,,,,,,,,"0082,5",,,,,,,,,MET09306/19/21 16:53:01 METAR KPDX 200053Z 33009G16KT 10SM CLR 27/13 A2997 RMK AO2 SLP146 T02670128,
72698024229,2021-06-20T01:53:00,7,45.59578,-122.60919,6.7,"PORTLAND INTERNATIONAL AIRPORT, OR US",FM-15,KPDX ,V030,"330,5,N,0051,5","22000,5,9,N","016093,5,N,5","+0267,5","+0128,5","10142,5","01,0000,9,5",,,,,,,,,,,,,,,,,,,,,,,,,,,,,,,,,,,,,,,,"00,5,+99999,9,99,9",,,"0,99,1,+99999,9,9",,,,,"00,99,1,99,9,99,9,99999,9,99,9,99,9",,,,,,,,,,,,,"10142,5,10103,5",,,,,,,,,,,,,,,,,,MET09006/19/21 17:53:01 METAR KPDX 200153Z 33010KT 10SM CLR 27/13 A2995 RMK AO2 SLP142 T02670128,
72698024229,2021-06-20T02:53:00,7,45.59578,-122.60919,6.7,"PORTLAND INTERNATIONAL AIRPORT, OR US",FM-15,KPDX ,V030,"340,5,N,0031,5","22000,5,9,N","016093,5,N,5","+0250,5","+0139,5","10143,5","01,0000,9,5",,,,,,,,,,,,,,,,,,,,,,,,,,,,,,,,,,,,,,,,"02,5,+06096,5,99,9",,,"1,99,1,+06096,5,9",,,,"9,AGL   ,+99999,+99999","02,99,5,99,9,99,9,06096,1,99,9,99,9",,,,,,,,,,,,,"10142,5,10103,5","6,9,010,9,+999,9",,,,,,,,,,,,,,,,,MET09906/19/21 18:53:02 METAR KPDX 200253Z 34006KT 10SM FEW200 25/14 A2995 RMK AO2 SLP143 T02500139 56010,D01      0ADE726
72698024229,2021-06-20T03:53:00,7,45.59578,-122.60919,6.7,"PORTLAND INTERNATIONAL AIRPORT, OR US",FM-15,KPDX ,V030,"340,5,N,0031,5","22000,5,9,N","016093,5,N,5","+0233,5","+0133,5","10142,5","01,0000,9,5",,,,,,,,,,,,,,,,,,,,,,,,,,,,,,,,,,,,,,,,"02,5,+06096,5,99,9",,,"1,99,1,+06096,5,9",,,,"9,AGL   ,+99999,+99999","02,99,5,99,9,99,9,06096,1,99,9,99,9",,,,,,,,,,,,,"10142,5,10103,5",,,,,,,,,,,,,,,,,,MET09306/19/21 19:53:02 METAR KPDX 200353Z 34006KT 10SM FEW200 23/13 A2995 RMK AO2 SLP142 T02330133,D01      0ADE726
72698024229,2021-06-20T04:53:00,7,45.59578,-122.60919,6.7,"PORTLAND INTERNATIONAL AIRPORT, OR US",FM-15,KPDX ,V030,"350,5,N,0031,5","22000,5,9,N","016093,5,N,5","+0211,5","+0128,5","10147,5","01,0000,9,5",,,,,,,,,,,,,,,,,,,,,,,,,,,,,,,,,,,,,,,,"02,5,+06096,5,99,9",,,"1,99,1,+06096,5,9",,,,"9,AGL   ,+99999,+99999","02,99,5,99,9,99,9,06096,1,99,9,99,9",,,,,,,,,,,,,"10149,5,10109,5",,,,,,,,,,,,,,,,,,MET09306/19/21 20:53:02 METAR KPDX 200453Z 35006KT 10SM FEW200 21/13 A2997 RMK AO2 SLP147 T02110128,D01      0ADE726
72698024229,2021-06-20T05:53:00,7,45.59578,-122.60919,6.7,"PORTLAND INTERNATIONAL AIRPORT, OR US",FM-15,KPDX ,V030,"330,5,N,0026,5","22000,5,9,N","016093,5,N,5","+0194,5","+0128,5","10147,5","01,0000,9,5",,,,,,,,,,,,,,,,,,,,,,,,,,,,,,,,,,,,,,,,"00,5,+99999,9,99,9",,,"0,99,1,+99999,9,9",,,,,"00,99,1,99,9,99,9,99999,9,99,9,99,9","060,M,+0283,1","060,N,+0194,1",,,,,,,,,,,"10149,5,10109,5","3,9,005,9,+999,9",,,,,,,,,,,,,,,,,MET10806/19/21 21:53:02 METAR KPDX 200553Z 33005KT 10SM CLR 19/13 A2997 RMK AO2 SLP147 T01940128 10283 20194 53005,
72698024229,2021-06-20T06:00:00,4,45.59578,-122.60919,6.7,"PORTLAND INTERNATIONAL AIRPORT, OR US",FM-12,99999,V020,"330,1,N,0026,1","99999,9,9,N","016000,1,9,9","+0194,1","+0128,1","10147,1",,,,,,,,,,,,,,,,,,,,,,,,,,,,,,,,,,,,,,,,,,,,,,,,,,"240,M,+0283,1","240,N,+0128,1",,,,,,,,,,,"99999,9,10140,1","3,1,005,1,+999,9",,,,,,,,,,,,,,,,,SYN08072698 32966 03305 10194 20128 30140 40147 53005 90553 333 10283 20128 555 92006=,
72698024229,2021-06-20T06:53:00,7,45.59578,-122.60919,6.7,"PORTLAND INTERNATIONAL AIRPORT, OR US",FM-15,KPDX ,V030,"320,5,N,0046,5","22000,5,9,N","016093,5,N,5","+0189,5","+0128,5","10147,5","01,0000,9,5",,,,,,,,,,,,,,,,,,,,,,,,,,,,,,,,,,,,,,,,"00,5,+99999,9,99,9",,,"0,99,1,+99999,9,9",,,,,"00,99,1,99,9,99,9,99999,9,99,9,99,9",,,,,,,,,,,,,"10149,5,10109,5",,,,,,,,,,,,,,,,,,MET09006/19/21 22:53:02 METAR KPDX 200653Z 32009KT 10SM CLR 19/13 A2997 RMK AO2 SLP147 T01890128,
72698024229,2021-06-20T07:53:00,7,45.59578,-122.60919,6.7,"PORTLAND INTERNATIONAL AIRPORT, OR US",FM-15,KPDX ,V030,"330,5,N,0026,5","22000,5,9,N","016093,5,N,5","+0178,5","+0128,5","10148,5","01,0000,9,5",,,,,,,,,,,,,,,,,,,,,,,,,,,,,,,,,,,,,,,,"00,5,+99999,9,99,9",,,"0,99,1,+99999,9,9",,,,,"00,99,1,99,9,99,9,99999,9,99,9,99,9","240,M,+0283,1","240,N,+0128,1",,,,,,,,,,,"10149,5,10109,5",,,,,,,,,,,,,,,,,,MET10006/19/21 23:53:02 METAR KPDX 200753Z 33005KT 10SM CLR 18/13 A2997 RMK AO2 SLP148 T01780128 402830128,
72698024229,2021-06-20T07:59:00,6,45.59578,-122.60919,6.7,"PORTLAND INTERNATIONAL AIRPORT, OR US",SOD  ,KPDX ,V030,"999,9,9,9999,9","99999,9,9,9","999999,9,9,9","+9999,9","+9999,9","99999,9","24,0000,9,5",,,,,,,,,,,,,,,,,,"0000,9,5,999999,9,9",,,"024,0000,9,5",,,,,,,,,,,,,,,,,,,,,,,,,,,,"240,M,+0283,5","240,N,+0128,5",,,,,,,,,"024,W,+0144,D,4","024,D,+0106,D,4",,,"10135,4,10173,4","10134,4,10142,4",,,,,,,,"1,24,00939,320,9999,5","2,24,00715,320,9999,5","3,24,00295,999,9999,5","024,X,077,D,4","024,N,036,D,4","024,M,059,D,4",,SOD73924 HR PRECIPITATION (IN): 0.00 SNOW DEPTH (IN):0     24 HR SNOWFALL (IN):0.0  24 HR MAX TEMP (F): 8324 HR MIN TEMP (F): 55AVERAGE STATION PRESSURE:29.925 MINIMUM SEA LEVEL PRESSURE:29.95 TIME OF OCCURRENCE:2019 PEAK WIND SPEED (MPH): 21 PEAK WIND DIR (DEG):320 PEAK WIND TIME (LST):      FASTEST 2MIN SPEED (MPH): 16FASTEST 2MIN DIR (DEG):320 FASTEST 2MIN TIME (LST):     AVERAGE WIND SPEED (MPH): 6.6 24 HR AVG TEMP (F): 69DEPART FROM NORMAL:  4  HEATING DEGREE DAYS:  0 COOLING DEGREE DAYS:  4 LATEST DAY MAX TEMP (0700-1900 LST):83  LATEST NIGHT MIN TEMP(1900-0800 LST):55 HOURLY INCREMENTAL PRECIPITATION VALUES (IN):.00 0.00 0.00 0.00 0.00 0.00 0.00 0.00 0.00 0.00 0.00 0.00 0.00 0.00 0.00 0.00 0.00 0.00 0.00 0.00 0.00 0.00 0.00 0.00,
72698024229,2021-06-20T08:53:00,7,45.59578,-122.60919,6.7,"PORTLAND INTERNATIONAL AIRPORT, OR US",FM-15,KPDX ,V030,"330,5,N,0026,5","22000,5,9,N","016093,5,N,5","+0172,5","+0122,5","10148,5","01,0000,9,5",,,,,,,,,,,,,,,,,,,,,,,,,,,,,,,,,,,,,,,,"00,5,+99999,9,99,9",,,"0,99,1,+99999,9,9",,,,,"00,99,1,99,9,99,9,99999,9,99,9,99,9",,,,,,,,,,,,,"10149,5,10109,5","3,9,001,9,+999,9",,,,,,,,,,,,,,,,,MET10206/20/21 00:53:02 METAR KPDX 200853Z 33005KT 10SM CLR 17/12 A2997 RMK AO2 SLP148 T01720122 53001 (BDM),
72698024229,2021-06-20T09:53:00,7,45.59578,-122.60919,6.7,"PORTLAND INTERNATIONAL AIRPORT, OR US",FM-15,KPDX ,V030,"320,5,N,0026,5","22000,5,9,N","016093,5,N,5","+0161,5","+0122,5","10147,5","01,0000,9,5",,,,,,,,,,,,,,,,,,,,,,,,,,,,,,,,,,,,,,,,"00,5,+99999,9,99,9",,,"0,99,1,+99999,9,9",,,,,"00,99,1,99,9,99,9,99999,9,99,9,99,9",,,,,,,,,,,,,"10149,5,10109,5",,,,,,,,,,,,,,,,,,MET09606/20/21 01:53:02 METAR KPDX 200953Z 32005KT 10SM CLR 16/12 A2997 RMK AO2 SLP147 T01610122 (BDM),
72698024229,2021-06-20T10:53:00,7,45.59578,-122.60919,6.7,"PORTLAND INTERNATIONAL AIRPORT, OR US",FM-15,KPDX ,V030,"330,5,N,0031,5","22000,5,9,N","016093,5,N,5","+0156,5","+0122,5","10146,5","01,0000,9,5",,,,,,,,,,,,,,,,,,,,,,,,,,,,,,,,,,,,,,,,"02,5,+00366,5,99,9","02,5,+06096,5,99,9",,"1,99,1,+00366,5,9","1,99,1,+06096,5,9",,,"9,AGL   ,+99999,+99999","02,99,5,99,9,99,9,00366,1,99,9,99,9",,,,,,,,,,,,,"10149,5,10109,5",,,,,,,,,,,,,,,,,,MET10606/20/21 02:53:02 METAR KPDX 201053Z 33006KT 10SM FEW012 FEW200 16/12 A2997 RMK AO2 SLP146 T01560122 (BDM),D01      0ADE726
72698024229,2021-06-20T11:53:00,7,45.59578,-122.60919,6.7,"PORTLAND INTERNATIONAL AIRPORT, OR US",FM-15,KPDX ,V030,"320,5,N,0015,5","22000,5,9,N","016093,5,N,5","+0150,5","+0122,5","10146,5","01,0000,9,5",,,,,,,,,,,,,,,,,,,,,,,,,,,,,,,,,,,,,,,,"02,5,+00366,5,99,9","02,5,+06096,5,99,9",,"1,99,1,+00366,5,9","1,99,1,+06096,5,9",,,"9,AGL   ,+99999,+99999","02,99,5,99,9,99,9,00366,1,99,9,99,9","060,M,+0194,1","060,N,+0150,1",,,,,,,,,,,"10149,5,10109,5","5,9,001,9,+999,9",,,,,,,,,,,,,,,,,MET12406/20/21 03:53:02 METAR KPDX 201153Z 32003KT 10SM FEW012 FEW200 15/12 A2997 RMK AO2 SLP146 T01500122 10194 20150 55001 (BDM),D01      0ADE726
72698024229,2021-06-20T12:00:00,4,45.59578,-122.60919,6.7,"PORTLAND INTERNATIONAL AIRPORT, OR US",FM-12,99999,V020,"320,1,N,0015,1","22000,1,9,N","016000,1,9,9","+0150,1","+0122,1","10146,1",,,,,,,,,,,,,,,,,,,,,,,,,,,,,,,,,,,,,,,,,"99,9,+00450,1,99,9",,,,,,,"9,AGL   ,+99999,+99999","02,99,1,99,9,99,9,00450,1,99,9,99,9","240,M,+0283,1","240,N,+0150,1",,,,,,,,,,,"99999,9,10140,1","5,1,001,1,+999,9",,,,,,,,,,,,,,,,,SYN08072698 32466 23203 10150 20122 30140 40146 55001 91153 333 10283 20150 555 92012=,
72698024229,2021-06-20T12:53:00,7,45.59578,-122.60919,6.7,"PORTLAND INTERNATIONAL AIRPORT, OR US",FM-15,KPDX ,V030,"310,5,N,0021,5","22000,5,9,N","016093,5,N,5","+0150,5","+0122,5","10147,5","01,0000,9,5",,,,,,,,,,,,,,,,,,,,,,,,,,,,,,,,,,,,,,,,"02,5,+00366,5,99,9",,,"1,99,1,+00366,5,9",,,,"9,AGL   ,+99999,+99999","02,99,5,99,9,99,9,00366,1,99,9,99,9",,,,,,,,,,,,,"10149,5,10109,5",,,,,,,,,,,,,,,,,,MET09906/20/21 04:53:02 METAR KPDX 201253Z 31004KT 10SM FEW012 15/12 A2997 RMK AO2 SLP147 T01500122 (JDM),D01      0ADE726
72698024229,2021-06-20T13:53:00,7,45.59578,-122.60919,6.7,"PORTLAND INTERNATIONAL AIRPORT, OR US",FM-15,KPDX ,V030,"999,9,C,0000,5","22000,5,9,N","016093,5,N,5","+0161,5","+0122,5","10148,5","01,0000,9,5",,,,,,,,,,,,,,,,,,,,,,,,,,,,,,,,,,,,,,,,"00,5,+99999,9,99,9",,,"0,99,1,+99999,9,9",,,,,"00,99,1,99,9,99,9,99999,9,99,9,99,9",,,,,,,,,,,,,"10149,5,10109,5",,,,,,,,,,,,,,,,,,MET09606/20/21 05:53:02 METAR KPDX 201353Z 00000KT 10SM CLR 16/12 A2997 RMK AO2 SLP148 T01610122 (JDM),
72698024229,2021-06-20T14:53:00,7,45.59578,-122.60919,6.7,"PORTLAND INTERNATIONAL AIRPORT, OR US",FM-15,KPDX ,V030,"330,5,N,0015,5","22000,5,9,N","016093,5,N,5","+0172,5","+0128,5","10147,5","01,0000,9,5",,,,,,,,,,,,,,,,,,,,,,,,,,,,,,,,,,,,,,,,"00,5,+99999,9,99,9",,,"0,99,1,+99999,9,9",,,,,"00,99,1,99,9,99,9,99999,9,99,9,99,9",,,,,,,,,,,,,"10149,5,10109,5","0,9,001,9,+999,9",,,,,,,,,,,,,,,,,MET10206/20/21 06:53:02 METAR KPDX 201453Z 33003KT 10SM CLR 17/13 A2997 RMK AO2 SLP147 T01720128 50001 (JDM),
72698024229,2021-06-20T15:53:00,7,45.59578,-122.60919,6.7,"PORTLAND INTERNATIONAL AIRPORT, OR US",FM-15,KPDX ,V030,"310,5,N,0021,5","22000,5,9,N","016093,5,N,5","+0189,5","+0133,5","10145,5","01,0000,9,5",,,,,,,,,,,,,,,,,,,,,,,,,,,,,,,,,,,,,,,,"02,5,+00457,5,99,9",,,"1,99,1,+00457,5,9",,,,"9,AGL   ,+99999,+99999","02,99,5,99,9,99,9,00457,1,99,9,99,9",,,,,,,,,,,,,"10146,5,10106,5",,,,,,,,,,,,,,,,,,MET09906/20/21 07:53:02 METAR KPDX 201553Z 31004KT 10SM FEW015 19/13 A2996 RMK AO2 SLP145 T01890133 (JDM),D01      0ADE726
72698024229,2021-06-20T16:53:00,7,45.59578,-122.60919,6.7,"PORTLAND INTERNATIONAL AIRPORT, OR US",FM-15,KPDX ,V030,"290,5,N,0046,5","22000,5,9,N","016093,5,N,5","+0206,5","+0133,5","10139,5","01,0000,9,5",,,,,,,,,,,,,,,,,,,,,,,,,,,,,,,,,,,,,,,,"00,5,+99999,9,99,9",,,"0,99,1,+99999,9,9",,,,,"00,99,1,99,9,99,9,99999,9,99,9,99,9",,,,,,,,,,,,,"10142,5,10103,5",,,,,,,,,,,,,,,,,,MET09606/20/21 08:53:02 METAR KPDX 201653Z 29009KT 10SM CLR 21/13 A2995 RMK AO2 SLP139 T02060133 (JDM),
72698024229,2021-06-20T17:53:00,7,45.59578,-122.60919,6.7,"PORTLAND INTERNATIONAL AIRPORT, OR US",FM-15,KPDX ,V030,"290,5,N,0051,5","22000,5,9,N","016093,5,N,5","+0228,5","+0133,5","10135,5","01,0000,9,5",,,,,,,,,,,,,,,,,,,,,,,,,,,,,,,,,,,,,,,,"00,5,+99999,9,99,9",,,"0,99,1,+99999,9,9",,,,,"00,99,1,99,9,99,9,99999,9,99,9,99,9","060,M,+0228,1","060,N,+0150,1",,,,,,,,,,,"10135,5,10096,5","8,9,013,9,+999,9",,,,,,,,,,,,,,,,,MET11406/20/21 09:53:02 METAR KPDX 201753Z 29010KT 10SM CLR 23/13 A2993 RMK AO2 SLP135 T02280133 10228 20150 58013 (JDM),
72698024229,2021-06-20T18:00:00,4,45.59578,-122.60919,6.7,"PORTLAND INTERNATIONAL AIRPORT, OR US",FM-12,99999,V020,"290,1,N,0051,1","99999,9,9,N","016000,1,9,9","+0228,1","+0133,1","10135,1",,,,,,,,,,,,,,,,,,,,,,,,,,,,,,,,,,,,,,,,,,,,,,,,,,"120,M,+0228,1","120,N,+0150,1",,,,,,,,,,,"99999,9,10127,1","8,1,013,1,+999,9",,,,,,,,,,,,,,,,,SYN08072698 32966 02910 10228 20133 30127 40135 58013 91753 333 10228 20150 555 92018=,
72698024229,2021-06-20T18:53:00,7,45.59578,-122.60919,6.7,"PORTLAND INTERNATIONAL AIRPORT, OR US",FM-15,KPDX ,V030,"320,5,N,0041,5","22000,5,9,N","016093,5,N,5","+0256,5","+0144,5","10129,5","01,0000,9,5",,,,,,,,,,,,,,,,,,,,,,,,,,,,,,,,,,,,,,,,"00,5,+99999,9,99,9",,,"0,99,1,+99999,9,9",,,,,"00,99,1,99,9,99,9,99999,9,99,9,99,9",,,,,,,,,,,,,"10132,5,10092,5",,,,,,,,,,,,,,,,,,MET09606/20/21 10:53:02 METAR KPDX 201853Z 32008KT 10SM CLR 26/14 A2992 RMK AO2 SLP129 T02560144 (JDM),
72698024229,2021-06-20T19:53:00,7,45.59578,-122.60919,6.7,"PORTLAND INTERNATIONAL AIRPORT, OR US",FM-15,KPDX ,V030,"300,5,N,0046,5","22000,5,9,N","016093,5,N,5","+0278,5","+0150,5","10123,5","01,0000,9,5",,,,,,,,,,,,,,,,,,,,,,,,,,,,,,,,,,,,,,,,"00,5,+99999,9,99,9",,,"0,99,1,+99999,9,9",,,,,"00,99,1,99,9,99,9,99999,9,99,9,99,9",,,,,,,,,,,,,"10125,5,10086,5",,,,,,,,,,,,,,,,,,MET09606/20/21 11:53:02 METAR KPDX 201953Z 30009KT 10SM CLR 28/15 A2990 RMK AO2 SLP123 T02780150 (JDM),
72698024229,2021-06-20T20:53:00,7,45.59578,-122.60919,6.7,"PORTLAND INTERNATIONAL AIRPORT, OR US",FM-15,KPDX ,V030,"300,5,N,0041,5","22000,5,9,N","016093,5,N,5","+0300,5","+0150,5","10114,5","01,0000,9,5",,,,,,,,,,,,,,,,,,,,,,,,,,,,,,,,,,,,,,,,"00,5,+99999,9,99,9",,,"0,99,1,+99999,9,9",,,,,"00,99,1,99,9,99,9,99999,9,99,9,99,9",,,,,,,,,,,,,"10115,5,10076,5","8,9,021,9,+999,9",,,,,,,,,,,,,,,,,MET10106/20/21 12:53:02 METAR KPDX 202053Z 30008KT 10SM CLR 30/15 A2987 RMK AO2 SLP114 T03000150 58021 (RN),
72698024229,2021-06-20T21:53:00,7,45.59578,-122.60919,6.7,"PORTLAND INTERNATIONAL AIRPORT, OR US",FM-15,KPDX ,V030,"320,5,N,0036,5","22000,5,9,N","016093,5,N,5","+0322,5","+0150,5","10109,5","01,0000,9,5",,,,,,,,,,,,,,,,,,,,,,,,,,,,,,,,,,,,,,,,"00,5,+99999,9,99,9",,,"0,99,1,+99999,9,9",,,,,"00,99,1,99,9,99,9,99999,9,99,9,99,9",,,,,,,,,,,,,"10112,5,10072,5",,,,,,,,,,,,,,,,,,MET09506/20/21 13:53:02 METAR KPDX 202153Z 32007KT 10SM CLR 32/15 A2986 RMK AO2 SLP109 T03220150 (RN),
72698024229,2021-06-20T22:53:00,7,45.59578,-122.60919,6.7,"PORTLAND INTERNATIONAL AIRPORT, OR US",FM-15,KPDX ,V030,"350,5,N,0041,5","22000,5,9,N","016093,5,N,5","+0328,5","+0150,5","10104,5","01,0000,9,5",,,,,,,,,,,,,,,,,,,,,,,,,,,,,,,,,,,,,,,,"00,5,+99999,9,99,9",,,"0,99,1,+99999,9,9",,,,,"00,99,1,99,9,99,9,99999,9,99,9,99,9",,,,,,,,,,,,,"10105,5,10065,5",,,,,,,,,"0072,5",,,,,,,,,MET09806/20/21 14:53:02 METAR KPDX 202253Z 35008G14KT 10SM CLR 33/15 A2984 RMK AO2 SLP104 T03280150 (RN),
72698024229,2021-06-20T23:53:00,7,45.59578,-122.60919,6.7,"PORTLAND INTERNATIONAL AIRPORT, OR US",FM-15,KPDX ,V030,"340,5,N,0031,5","22000,5,9,N","016093,5,N,5","+0333,5","+0150,5","10097,5","01,0000,9,5",,,,,,,,,,,,,,,,,,,,,,,,,,,,,,,,,,,,,,,,"02,5,+02743,5,99,9","02,5,+07620,5,99,9",,"1,99,1,+02743,5,9","1,99,1,+07620,5,9",,,"9,AGL   ,+99999,+99999","02,99,5,99,9,99,9,02743,1,99,9,99,9","060,M,+0339,1","060,N,+0228,1",,,,,,,,,,,"10098,5,10059,5","8,9,017,9,+999,9",,,,,,,,,,,,,,,,,MET13306/20/21 15:53:02 METAR KPDX 202353Z 34006KT 10SM FEW090 FEW250 33/15 A2982 RMK AO2 SLP097 HZ FEW090 T03330150 10339 20228 58017 (RN),D01      0ADE726
72698024229,2021-06-21T00:00:00,4,45.59578,-122.60919,6.7,"PORTLAND INTERNATIONAL AIRPORT, OR US",FM-12,99999,V020,"340,1,N,0031,1","22000,1,9,N","016000,1,9,9","+0330,1","+0150,1","10097,1",,,,,,,,,,,,,,,,,,,,,,,,,,,,,,,,,,,,,,,,,,,,,,,,"9,AGL   ,+99999,+99999","02,99,1,99,9,99,9,99999,9,99,9,99,9","120,M,+0339,1","120,N,+0150,1",,,,,,,,,,,"99999,9,10089,1","8,1,017,1,+999,9",,,,,,,,,,,,,,,,,SYN08072698 32966 23406 10330 20150 30089 40097 58017 92353 333 10339 20150 555 92100=,
72698024229,2021-06-21T00:53:00,7,45.59578,-122.60919,6.7,"PORTLAND INTERNATIONAL AIRPORT, OR US",FM-15,KPDX ,V030,"340,5,N,0026,5","22000,5,9,N","016093,5,N,5","+0328,5","+0161,5","10093,5","01,0000,9,5",,,,,,,,,,,,,,,,,,,,,,,,,,,,,,,,,,,,,,,,"02,5,+02743,5,99,9","02,5,+07620,5,99,9",,"1,99,1,+02743,5,9","1,99,1,+07620,5,9",,,"9,AGL   ,+99999,+99999","02,99,5,99,9,99,9,02743,1,99,9,99,9",,,,,,,,,,,,,"10095,5,10055,5",,,,,,,,,,,,,,,,,,MET11006/20/21 16:53:01 METAR KPDX 210053Z 34005KT 10SM FEW090 FEW250 33/16 A2981 RMK AO2 SLP093 HZ FEW090 T03280161,D01      0ADE726
72698024229,2021-06-21T01:53:00,7,45.59578,-122.60919,6.7,"PORTLAND INTERNATIONAL AIRPORT, OR US",FM-15,KPDX ,V030,"999,9,V,0015,5","22000,5,9,N","016093,5,N,5","+0317,5","+0161,5","10091,5","01,0000,9,5",,,,,,,,,,,,,,,,,,,,,,,,,,,,,,,,,,,,,,,,"02,5,+03048,5,99,9","02,5,+07620,5,99,9",,"1,99,1,+03048,5,9","1,99,1,+07620,5,9",,,"9,AGL   ,+99999,+99999","02,99,5,99,9,99,9,03048,1,99,9,99,9",,,,,,,,,,,,,"10091,5,10052,5",,,,,,,,,,,,,,,,,,MET11006/20/21 17:53:01 METAR KPDX 210153Z VRB03KT 10SM FEW100 FEW250 32/16 A2980 RMK AO2 SLP091 HZ FEW100 T03170161,D01      0ADE726
72698024229,2021-06-21T02:53:00,7,45.59578,-122.60919,6.7,"PORTLAND INTERNATIONAL AIRPORT, OR US",FM-15,KPDX ,V030,"330,5,N,0036,5","22000,5,9,N","016093,5,N,5","+0294,5","+0161,5","10091,5","01,0000,9,5",,,,,,,,,,,,,,,,,,,,,,,,,,,,,,,,,,,,,,,,"02,5,+02743,5,99,9","02,5,+07620,5,99,9",,"1,99,1,+02743,5,9","1,99,1,+07620,5,9",,,"9,AGL   ,+99999,+99999","02,99,5,99,9,99,9,02743,1,99,9,99,9",,,,,,,,,,,,,"10091,5,10052,5","6,9,006,9,+999,9",,,,,,,,,,,,,,,,,MET11606/20/21 18:53:02 METAR KPDX 210253Z 33007KT 10SM FEW090 FEW250 29/16 A2980 RMK AO2 SLP091 HZ FEW090 T02940161 56006,D01      0ADE726
72698024229,2021-06-21T03:53:00,7,45.59578,-122.60919,6.7,"PORTLAND INTERNATIONAL AIRPORT, OR US",FM-15,KPDX ,V030,"300,5,N,0036,5","22000,5,9,N","016093,5,N,5","+0283,5","+0156,5","10093,5","01,0000,9,5",,,,,,,,,,,,,,,,,,,,,,,,,,,,,,,,,,,,,,,,"02,5,+02743,5,99,9","02,5,+07620,5,99,9",,"1,99,1,+02743,5,9","1,99,1,+07620,5,9",,,"9,AGL   ,+99999,+99999","02,99,5,99,9,99,9,02743,1,99,9,99,9",,,,,,,,,,,,,"10095,5,10055,5",,,,,,,,,,,,,,,,,,MET11006/20/21 19:53:02 METAR KPDX 210353Z 30007KT 10SM FEW090 FEW250 28/16 A2981 RMK AO2 SLP093 HZ FEW090 T02830156,D01      0ADE726
72698024229,2021-06-21T04:53:00,7,45.59578,-122.60919,6.7,"PORTLAND INTERNATIONAL AIRPORT, OR US",FM-15,KPDX ,V030,"300,5,N,0036,5","22000,5,9,N","016093,5,N,5","+0267,5","+0144,5","10098,5","01,0000,9,5",,,,,,,,,,,,,,,,,,,,,,,,,,,,,,,,,,,,,,,,"02,5,+07620,5,99,9",,,"1,99,1,+07620,5,9",,,,"9,AGL   ,+99999,+99999","02,99,5,99,9,99,9,07620,1,99,9,99,9",,,,,,,,,,,,,"10098,5,10059,5",,,,,,,,,,,,,,,,,,MET09306/20/21 20:53:02 METAR KPDX 210453Z 30007KT 10SM FEW250 27/14 A2982 RMK AO2 SLP098 T02670144,D01      0ADE726
72698024229,2021-06-21T05:53:00,7,45.59578,-122.60919,6.7,"PORTLAND INTERNATIONAL AIRPORT, OR US",FM-15,KPDX ,V030,"300,5,N,0036,5","22000,5,9,N","016093,5,N,5","+0256,5","+0139,5","10100,5","01,0000,9,5",,,,,,,,,,,,,,,,,,,,,,,,,,,,,,,,,,,,,,,,"00,5,+99999,9,99,9",,,"0,99,1,+99999,9,9",,,,,"00,99,1,99,9,99,9,99999,9,99,9,99,9","060,M,+0333,1","060,N,+0250,1",,,,,,,,,,,"10102,5,10062,5","2,9,009,9,+999,9",,,,,,,,,,,,,,,,,MET10806/20/21 21:53:02 METAR KPDX 210553Z 30007KT 10SM CLR 26/14 A2983 RMK AO2 SLP100 T02560139 10333 20250 52009,
72698024229,2021-06-21T06:00:00,4,45.59578,-122.60919,6.7,"PORTLAND INTERNATIONAL AIRPORT, OR US",FM-12,99999,V020,"300,1,N,0036,1","99999,9,9,N","016000,1,9,9","+0256,1","+0139,1","10100,1",,,,,,,,,,,,,,,,,,,,,,,,,,,,,,,,,,,,,,,,,,,,,,,,,,"240,M,+0333,1","240,N,+0150,1",,,,,,,,,,,"99999,9,10093,1","2,1,009,1,+999,9",,,,,,,,,,,,,,,,,SYN08072698 32966 03007 10256 20139 30093 40100 52009 90553 333 10333 20150 555 92106=,
72698024229,2021-06-21T06:53:00,7,45.59578,-122.60919,6.7,"PORTLAND INTERNATIONAL AIRPORT, OR US",FM-15,KPDX ,V030,"310,5,N,0036,5","22000,5,9,N","016093,5,N,5","+0233,5","+0139,5","10100,5","01,0000,9,5",,,,,,,,,,,,,,,,,,,,,,,,,,,,,,,,,,,,,,,,"00,5,+99999,9,99,9",,,"0,99,1,+99999,9,9",,,,,"00,99,1,99,9,99,9,99999,9,99,9,99,9",,,,,,,,,,,,,"10102,5,10062,5",,,,,,,,,,,,,,,,,,MET09006/20/21 22:53:02 METAR KPDX 210653Z 31007KT 10SM CLR 23/14 A2983 RMK AO2 SLP100 T02330139,
72698024229,2021-06-21T07:53:00,7,45.59578,-122.60919,6.7,"PORTLAND INTERNATIONAL AIRPORT, OR US",FM-15,KPDX ,V030,"300,5,N,0021,5","22000,5,9,N","016093,5,N,5","+0228,5","+0133,5","10101,5","01,0000,9,5",,,,,,,,,,,,,,,,,,,,,,,,,,,,,,,,,,,,,,,,"00,5,+99999,9,99,9",,,"0,99,1,+99999,9,9",,,,,"00,99,1,99,9,99,9,99999,9,99,9,99,9","240,M,+0339,1","240,N,+0150,1",,,,,,,,,,,"10102,5,10062,5",,,,,,,,,,,,,,,,,,MET10006/20/21 23:53:02 METAR KPDX 210753Z 30004KT 10SM CLR 23/13 A2983 RMK AO2 SLP101 T02280133 403390150,
72698024229,2021-06-21T07:59:00,6,45.59578,-122.60919,6.7,"PORTLAND INTERNATIONAL AIRPORT, OR US",SOD  ,KPDX ,V030,"999,9,9,9999,9","99999,9,9,9","999999,9,9,9","+9999,9","+9999,9","99999,9","24,0000,9,5",,,,,,,,,,,,,,,,,,"0000,9,5,999999,9,9",,,"024,0000,9,5",,,,,,,,,,,,,,,,,,,,,,,,,,,,"240,M,+0339,5","240,N,+0150,5",,,,,,,,,"024,W,+0178,D,4","024,D,+0139,D,4",,,"10081,4,10122,4","10081,4,10091,4",,,,,,,,"1,24,00760,280,9999,5","2,24,00626,310,9999,5","3,24,00304,999,9999,5","024,X,083,D,4","024,N,033,D,4","024,M,056,D,4",,SOD73924 HR PRECIPITATION (IN): 0.00 SNOW DEPTH (IN):0     24 HR SNOWFALL (IN):0.0  24 HR MAX TEMP (F): 9324 HR MIN TEMP (F): 59AVERAGE STATION PRESSURE:29.770 MINIMUM SEA LEVEL PRESSURE:29.80 TIME OF OCCURRENCE:1951 PEAK WIND SPEED (MPH): 17 PEAK WIND DIR (DEG):280 PEAK WIND TIME (LST):      FASTEST 2MIN SPEED (MPH): 14FASTEST 2MIN DIR (DEG):310 FASTEST 2MIN TIME (LST):     AVERAGE WIND SPEED (MPH): 6.8 24 HR AVG TEMP (F): 76DEPART FROM NORMAL: 11  HEATING DEGREE DAYS:  0 COOLING DEGREE DAYS: 11 LATEST DAY MAX TEMP (0700-1900 LST):93  LATEST NIGHT MIN TEMP(1900-0800 LST):59 HOURLY INCREMENTAL PRECIPITATION VALUES (IN):.00 0.00 0.00 0.00 0.00 0.00 0.00 0.00 0.00 0.00 0.00 0.00 0.00 0.00 0.00 0.00 0.00 0.00 0.00 0.00 0.00 0.00 0.00 0.00,
72698024229,2021-06-21T08:53:00,7,45.59578,-122.60919,6.7,"PORTLAND INTERNATIONAL AIRPORT, OR US",FM-15,KPDX ,V030,"250,5,N,0015,5","22000,5,9,N","016093,5,N,5","+0211,5","+0128,5","10100,5","01,0000,9,5",,,,,,,,,,,,,,,,,,,,,,,,,,,,,,,,,,,,,,,,"00,5,+99999,9,99,9",,,"0,99,1,+99999,9,9",,,,,"00,99,1,99,9,99,9,99999,9,99,9,99,9",,,,,,,,,,,,,"10102,5,10062,5","8,9,000,9,+999,9",,,,,,,,,,,,,,,,,MET10206/21/21 00:53:02 METAR KPDX 210853Z 25003KT 10SM CLR 21/13 A2983 RMK AO2 SLP100 T02110128 58000 (FAM),Q018     3APCTEN
72698024229,2021-06-21T09:53:00,7,45.59578,-122.60919,6.7,"PORTLAND INTERNATIONAL AIRPORT, OR US",FM-15,KPDX ,V030,"999,9,C,0000,5","22000,5,9,N","016093,5,N,5","+0206,5","+0133,5","10100,5","01,0000,9,5",,,,,,,,,,,,,,,,,,,,,,,,,,,,,,,,,,,,,,,,"00,5,+99999,9,99,9",,,"0,99,1,+99999,9,9",,,,,"00,99,1,99,9,99,9,99999,9,99,9,99,9",,,,,,,,,,,,,"10102,5,10062,5",,,,,,,,,,,,,,,,,,MET09606/21/21 01:53:02 METAR KPDX 210953Z 00000KT 10SM CLR 21/13 A2983 RMK AO2 SLP100 T02060133 (FAM),
72698024229,2021-06-21T10:53:00,7,45.59578,-122.60919,6.7,"PORTLAND INTERNATIONAL AIRPORT, OR US",FM-15,KPDX ,V030,"999,9,C,0000,5","22000,5,9,N","016093,5,N,5","+0194,5","+0133,5","10103,5","01,0000,9,5",,,,,,,,,,,,,,,,,,,,,,,,,,,,,,,,,,,,,,,,"00,5,+99999,9,99,9",,,"0,99,1,+99999,9,9",,,,,"00,99,1,99,9,99,9,99999,9,99,9,99,9",,,,,,,,,,,,,"10105,5,10065,5",,,,,,,,,,,,,,,,,,MET09606/21/21 02:53:02 METAR KPDX 211053Z 00000KT 10SM CLR 19/13 A2984 RMK AO2 SLP103 T01940133 (FAM),
72698024229,2021-06-21T11:53:00,7,45.59578,-122.60919,6.7,"PORTLAND INTERNATIONAL AIRPORT, OR US",FM-15,KPDX ,V030,"999,9,C,0000,5","22000,5,9,N","016093,5,N,5","+0189,5","+0139,5","10105,5","01,0000,9,5",,,,,,,,,,,,,,,,,,,,,,,,,,,,,,,,,,,,,,,,"02,5,+07620,5,99,9",,,"1,99,1,+07620,5,9",,,,"9,AGL   ,+99999,+99999","02,99,5,99,9,99,9,07620,1,99,9,99,9","060,M,+0256,1","060,N,+0183,1",,,,,,,,,,,"10108,5,10069,5","3,9,005,9,+999,9",,,,,,,,,,,,,,,,,MET11706/21/21 03:53:02 METAR KPDX 211153Z 00000KT 10SM FEW250 19/14 A2985 RMK AO2 SLP105 T01890139 10256 20183 53005 (FAM),D01      0ADE726
72698024229,2021-06-21T12:00:00,4,45.59578,-122.60919,6.7,"PORTLAND INTERNATIONAL AIRPORT, OR US",FM-12,99999,V020,"999,9,C,0000,1","22000,1,9,N","016000,1,9,9","+0189,1","+0139,1","10105,1",,,,,,,,,,,,,,,,,,,,,,,,,,,,,,,,,,,,,,,,,,,,,,,,"9,AGL   ,+99999,+99999","02,99,1,99,9,99,9,99999,9,99,9,99,9","240,M,+0339,1","240,N,+0183,1",,,,,,,,,,,"99999,9,10099,1","3,1,005,1,+999,9",,,,,,,,,,,,,,,,,SYN08072698 32966 20000 10189 20139 30099 40105 53005 91153 333 10339 20183 555 92112=,
72698024229,2021-06-21T12:53:00,7,45.59578,-122.60919,6.7,"PORTLAND INTERNATIONAL AIRPORT, OR US",FM-15,KPDX ,V030,"999,9,C,0000,5","22000,5,9,N","016093,5,N,5","+0189,5","+0139,5","10109,5","01,0000,9,5",,,,,,,,,,,,,,,,,,,,,,,,,,,,,,,,,,,,,,,,"04,5,+03048,5,99,9",,,"2,99,1,+03048,5,9",,,,"9,AGL   ,+99999,+99999","04,99,5,99,9,99,9,03048,1,99,9,99,9",,,,,,,,,,,,,"10112,5,10072,5",,,,,,,,,,,,,,,,,,MET10906/21/21 04:53:02 METAR KPDX 211253Z 00000KT 10SM SCT100 19/14 A2986 RMK AO2 SLP109 FU SCT100 T01890139 (JDM),D01      0ADE726
72698024229,2021-06-21T13:53:00,7,45.59578,-122.60919,6.7,"PORTLAND INTERNATIONAL AIRPORT, OR US",FM-15,KPDX ,V030,"999,9,C,0000,5","22000,5,9,N","016093,5,N,5","+0206,5","+0133,5","10112,5","01,0000,9,5",,,,,,,,,,,,,,,,,,,,,,,,,,,,,,,,,,,,,,,,"02,5,+03048,5,99,9",,,"1,99,1,+03048,5,9",,,,"9,AGL   ,+99999,+99999","02,99,5,99,9,99,9,03048,1,99,9,99,9",,,,,,,,,,,,,"10115,5,10076,5",,,,,,,,,,,,,,,,,,MET10906/21/21 05:53:02 METAR KPDX 211353Z 00000KT 10SM FEW100 21/13 A2987 RMK AO2 SLP112 FU FEW100 T02060133 (JDM),D01      0ADE726
72698024229,2021-06-21T14:53:00,7,45.59578,-122.60919,6.7,"PORTLAND INTERNATIONAL AIRPORT, OR US",FM-15,KPDX ,V030,"999,9,C,0000,5","22000,5,9,N","016093,5,N,5","+0217,5","+0133,5","10112,5","01,0000,9,5",,,,,,,,,,,,,,,,,,,,,,,,,,,,,,,,,,,,,,,,"02,5,+03048,5,99,9",,,"1,99,1,+03048,5,9",,,,"9,AGL   ,+99999,+99999","02,99,5,99,9,99,9,03048,1,99,9,99,9",,,,,,,,,,,,,"10115,5,10076,5","1,9,007,9,+999,9",,,,,,,,,,,,,,,,,MET11506/21/21 06:53:02 METAR KPDX 211453Z 00000KT 10SM FEW100 22/13 A2987 RMK AO2 SLP112 FU FEW100 T02170133 51007 (JDM),D01      0ADE726
72698024229,2021-06-21T15:53:00,7,45.59578,-122.60919,6.7,"PORTLAND INTERNATIONAL AIRPORT, OR US",FM-15,KPDX ,V030,"280,5,N,0021,5","22000,5,9,N","016093,5,N,5","+0233,5","+0139,5","10109,5","01,0000,9,5",,,,,,,,,,,,,,,,,,,,,,,,,,,,,,,,,,,,,,,,"02,5,+03048,5,99,9",,,"1,99,1,+03048,5,9",,,,"9,AGL   ,+99999,+99999","02,99,5,99,9,99,9,03048,1,99,9,99,9",,,,,,,,,,,,,"10112,5,10072,5",,,,,,,,,,,,,,,,,,MET10906/21/21 07:53:02 METAR KPDX 211553Z 28004KT 10SM FEW100 23/14 A2986 RMK AO2 SLP109 FU FEW100 T02330139 (JDM),D01      0ADE726
72698024229,2021-06-21T16:53:00,7,45.59578,-122.60919,6.7,"PORTLAND INTERNATIONAL AIRPORT, OR US",FM-15,KPDX ,V030,"999,9,C,0000,5","22000,5,9,N","016093,5,N,5","+0261,5","+0122,5","10107,5","01,0000,9,5",,,,,,,,,,,,,,,,,,,,,,,,,,,,,,,,,,,,,,,,"00,5,+99999,9,99,9",,,"0,99,1,+99999,9,9",,,,,"00,99,1,99,9,99,9,99999,9,99,9,99,9",,,,,,,,,,,,,"10108,5,10069,5",,,,,,,,,,,,,,,,,,MET09606/21/21 08:53:02 METAR KPDX 211653Z 00000KT 10SM CLR 26/12 A2985 RMK AO2 SLP107 T02610122 (JDM),
72698024229,2021-06-21T17:53:00,7,45.59578,-122.60919,6.7,"PORTLAND INTERNATIONAL AIRPORT, OR US",FM-15,KPDX ,V030,"330,5,N,0021,5","22000,5,9,N","016093,5,N,5","+0272,5","+0128,5","10106,5","01,0000,9,5",,,,,,,,,,,,,,,,,,,,,,,,,,,,,,,,,,,,,,,,"00,5,+99999,9,99,9",,,"0,99,1,+99999,9,9",,,,,"00,99,1,99,9,99,9,99999,9,99,9,99,9","060,M,+0272,1","060,N,+0183,1",,,,,,,,,,,"10108,5,10069,5","6,9,006,9,+999,9",,,,,,,,,,,,,,,,,MET11406/21/21 09:53:02 METAR KPDX 211753Z 33004KT 10SM CLR 27/13 A2985 RMK AO2 SLP106 T02720128 10272 20183 56006 (JDM),
72698024229,2021-06-21T18:00:00,4,45.59578,-122.60919,6.7,"PORTLAND INTERNATIONAL AIRPORT, OR US",FM-12,99999,V020,"330,1,N,0021,1","99999,9,9,N","016000,1,9,9","+0272,1","+0128,1","10106,1",,,,,,,,,,,,,,,,,,,,,,,,,,,,,,,,,,,,,,,,,,,,,,,,,,"120,M,+0272,1","120,N,+0183,1",,,,,,,,,,,"99999,9,10099,1","6,1,006,1,+999,9",,,,,,,,,,,,,,,,,SYN08072698 32966 03304 10272 20128 30099 40106 56006 91753 333 10272 20183 555 92118=,
72698024229,2021-06-21T18:53:00,7,45.59578,-122.60919,6.7,"PORTLAND INTERNATIONAL AIRPORT, OR US",FM-15,KPDX ,V030,"280,5,N,0021,5","22000,5,9,N","016093,5,N,5","+0289,5","+0128,5","10103,5","01,0000,9,5",,,,,,,,,,,,,,,,,,,,,,,,,,,,,,,,,,,,,,,,"00,5,+99999,9,99,9",,,"0,99,1,+99999,9,9",,,,,"00,99,1,99,9,99,9,99999,9,99,9,99,9",,,,,,,,,,,,,"10105,5,10065,5",,,,,,,,,,,,,,,,,,MET09606/21/21 10:53:02 METAR KPDX 211853Z 28004KT 10SM CLR 29/13 A2984 RMK AO2 SLP103 T02890128 (JDM),
72698024229,2021-06-21T19:53:00,7,45.59578,-122.60919,6.7,"PORTLAND INTERNATIONAL AIRPORT, OR US",FM-15,KPDX ,V030,"999,9,V,0026,5","22000,5,9,N","016093,5,N,5","+0311,5","+0122,5","10099,5","01,0000,9,5",,,,,,,,,,,,,,,,,,,,,,,,,,,,,,,,,,,,,,,,"00,5,+99999,9,99,9",,,"0,99,1,+99999,9,9",,,,,"00,99,1,99,9,99,9,99999,9,99,9,99,9",,,,,,,,,,,,,"10102,5,10062,5",,,,,,,,,,,,,,,,,,MET09606/21/21 11:53:02 METAR KPDX 211953Z VRB05KT 10SM CLR 31/12 A2983 RMK AO2 SLP099 T03110122 (JDM),
72698024229,2021-06-21T20:53:00,7,45.59578,-122.60919,6.7,"PORTLAND INTERNATIONAL AIRPORT, OR US",FM-15,KPDX ,V030,"320,5,N,0026,5","22000,5,9,N","016093,5,N,5","+0328,5","+0117,5","10093,5","01,0000,9,5",,,,,,,,,,,,,,,,,,,,,,,,,,,,,,,,,,,,,,,,"00,5,+99999,9,99,9",,,"0,99,1,+99999,9,9",,,,,"00,99,1,99,9,99,9,99999,9,99,9,99,9",,,,,,,,,,,,,"10095,5,10055,5","8,9,013,9,+999,9",,,,,,,,,,,,,,,,,MET10106/21/21 12:53:02 METAR KPDX 212053Z 32005KT 10SM CLR 33/12 A2981 RMK AO2 SLP093 T03280117 58013 (RN),
72698024229,2021-06-21T21:53:00,7,45.59578,-122.60919,6.7,"PORTLAND INTERNATIONAL AIRPORT, OR US",FM-15,KPDX ,V030,"360,5,N,0021,5","22000,5,9,N","016093,5,N,5","+0339,5","+0122,5","10087,5","01,0000,9,5",,,,,,,,,,,,,,,,,,,,,,,,,,,,,,,,,,,,,,,,"00,5,+99999,9,99,9",,,"0,99,1,+99999,9,9",,,,,"00,99,1,99,9,99,9,99999,9,99,9,99,9",,,,,,,,,,,,,"10088,5,10049,5",,,,,,,,,,,,,,,,,,MET09506/21/21 13:53:02 METAR KPDX 212153Z 36004KT 10SM CLR 34/12 A2979 RMK AO2 SLP087 T03390122 (RN),
72698024229,2021-06-21T22:53:00,7,45.59578,-122.60919,6.7,"PORTLAND INTERNATIONAL AIRPORT, OR US",FM-15,KPDX ,V030,"310,5,N,0036,5","22000,5,9,N","016093,5,N,5","+0344,5","+0133,5","10082,5","01,0000,9,5",,,,,,,,,,,,,,,,,,,,,,,,,,,,,,,,,,,,,,,,"02,5,+02438,5,99,9",,,"1,99,1,+02438,5,9",,,,"9,AGL   ,+99999,+99999","02,99,5,99,9,99,9,02438,1,99,9,99,9",,,,,,,,,,,,,"10085,5,10045,5",,,,,,,,,,,,,,,,,,MET09806/21/21 14:53:02 METAR KPDX 212253Z 31007KT 10SM FEW080 34/13 A2978 RMK AO2 SLP082 T03440133 (RN),D01      0ADE726
72698024229,2021-06-21T23:53:00,7,45.59578,-122.60919,6.7,"PORTLAND INTERNATIONAL AIRPORT, OR US",FM-15,KPDX ,V030,"310,5,N,0041,5","22000,5,9,N","016093,5,N,5","+0356,5","+0111,5","10077,5","01,0000,9,5",,,,,,,,,,,,,,,,,,,,,,,,,,,,,,,,,,,,,,,,"02,5,+02438,5,99,9",,,"1,99,1,+02438,5,9",,,,"9,AGL   ,+99999,+99999","02,99,5,99,9,99,9,02438,1,99,9,99,9","060,M,+0356,1","060,N,+0272,1",,,,,,,,,,,"10078,5,10038,5","6,9,016,9,+999,9",,,,,,,,,,,,,,,,,MET11606/21/21 15:53:02 METAR KPDX 212353Z 31008KT 10SM FEW080 36/11 A2976 RMK AO2 SLP077 T03560111 10356 20272 56016 (RN),D01      0ADE726
72698024229,2021-06-22T00:00:00,4,45.59578,-122.60919,6.7,"PORTLAND INTERNATIONAL AIRPORT, OR US",FM-12,99999,V020,"310,1,N,0041,1","22000,1,9,N","016000,1,9,9","+0356,1","+0111,1","10077,1",,,,,,,,,,,,,,,,,,,,,,,,,,,,,,,,,,,,,,,,,"99,9,+02250,1,99,9",,,,,,,"9,AGL   ,+99999,+99999","02,99,1,99,9,99,9,02250,1,99,9,99,9","120,M,+0356,1","120,N,+0183,1",,,,,,,,,,,"99999,9,10069,1","6,1,016,1,+999,9",,,,,,,,,,,,,,,,,SYN08072698 32866 23108 10356 20111 30069 40077 56016 92353 333 10356 20183 555 92200=,
72698024229,2021-06-22T00:53:00,7,45.59578,-122.60919,6.7,"PORTLAND INTERNATIONAL AIRPORT, OR US",FM-15,KPDX ,V030,"320,5,N,0046,5","22000,5,9,N","016093,5,N,5","+0344,5","+0133,5","10074,5","01,0000,9,5",,,,,,,,,,,,,,,,,,,,,,,,,,,,,,,,,,,,,,,,"00,5,+99999,9,99,9",,,"0,99,1,+99999,9,9",,,,,"00,99,1,99,9,99,9,99999,9,99,9,99,9",,,,,,,,,,,,,"10075,5,10035,5",,,,,,,,,,,,,,,,,,MET09006/21/21 16:53:01 METAR KPDX 220053Z 32009KT 10SM CLR 34/13 A2975 RMK AO2 SLP074 T03440133,
72698024229,2021-06-22T01:53:00,7,45.59578,-122.60919,6.7,"PORTLAND INTERNATIONAL AIRPORT, OR US",FM-15,KPDX ,V030,"330,5,N,0031,5","22000,5,9,N","016093,5,N,5","+0333,5","+0128,5","10073,5","01,0000,9,5",,,,,,,,,,,,,,,,,,,,,,,,,,,,,,,,,,,,,,,,"02,5,+03658,5,99,9",,,"1,99,1,+03658,5,9",,,,"9,AGL   ,+99999,+99999","02,99,5,99,9,99,9,03658,1,99,9,99,9",,,,,,,,,,,,,"10075,5,10035,5",,,,,,,,,,,,,,,,,,MET09306/21/21 17:53:01 METAR KPDX 220153Z 33006KT 10SM FEW120 33/13 A2975 RMK AO2 SLP073 T03330128,D01      0ADE726
72698024229,2021-06-22T02:53:00,7,45.59578,-122.60919,6.7,"PORTLAND INTERNATIONAL AIRPORT, OR US",FM-15,KPDX ,V030,"340,5,N,0026,5","22000,5,9,N","016093,5,N,5","+0311,5","+0133,5","10079,5","01,0000,9,5",,,,,,,,,,,,,,,,,,,,,,,,,,,,,,,,,,,,,,,,"02,5,+04267,5,99,9",,,"1,99,1,+04267,5,9",,,,"9,AGL   ,+99999,+99999","02,99,5,99,9,99,9,04267,1,99,9,99,9",,,,,,,,,,,,,"10081,5,10042,5","3,9,002,9,+999,9",,,,,,,,,,,,,,,,,MET09906/21/21 18:53:02 METAR KPDX 220253Z 34005KT 10SM FEW140 31/13 A2977 RMK AO2 SLP079 T03110133 53002,D01      0ADE726
72698024229,2021-06-22T03:53:00,7,45.59578,-122.60919,6.7,"PORTLAND INTERNATIONAL AIRPORT, OR US",FM-15,KPDX ,V030,"320,5,N,0036,5","22000,5,9,N","016093,5,N,5","+0283,5","+0133,5","10083,5","01,0000,9,5",,,,,,,,,,,,,,,,,,,,,,,,,,,,,,,,,,,,,,,,"02,5,+04267,5,99,9","02,5,+06096,5,99,9",,"1,99,1,+04267,5,9","1,99,1,+06096,5,9",,,"9,AGL   ,+99999,+99999","02,99,5,99,9,99,9,04267,1,99,9,99,9",,,,,,,,,,,,,"10085,5,10045,5",,,,,,,,,,,,,,,,,,MET10006/21/21 19:53:02 METAR KPDX 220353Z 32007KT 10SM FEW140 FEW200 28/13 A2978 RMK AO2 SLP083 T02830133,D01      0ADE726
72698024229,2021-06-22T04:53:00,7,45.59578,-122.60919,6.7,"PORTLAND INTERNATIONAL AIRPORT, OR US",FM-15,KPDX ,V030,"330,5,N,0026,5","06096,5,M,N","016093,5,N,5","+0267,5","+0133,5","10092,5","01,0000,9,5",,,,,,,,,,,,,,,,,,,,,,,,,,,,,,,,,,,,,,,,"04,5,+04267,5,99,9","07,5,+06096,5,99,9",,"2,99,1,+04267,5,9","3,99,1,+06096,5,9",,,"9,AGL   ,+99999,+99999","99,99,9,99,9,99,9,04267,1,99,9,99,9",,,,,,,,,,,,,"10095,5,10055,5",,,,,,,,,,,,,,,,,,MET10006/21/21 20:53:02 METAR KPDX 220453Z 33005KT 10SM SCT140 BKN200 27/13 A2981 RMK AO2 SLP092 T02670133,
72698024229,2021-06-22T05:53:00,7,45.59578,-122.60919,6.7,"PORTLAND INTERNATIONAL AIRPORT, OR US",FM-15,KPDX ,V030,"350,5,N,0041,5","07620,5,M,N","016093,5,N,5","+0256,5","+0122,5","10100,5","01,0000,9,5",,,,,,,,,,,,,,,,,,,,,,,,,,,,,,,,,,,,,,,,"07,5,+07620,5,99,9",,,"3,99,1,+07620,5,9",,,,"9,AGL   ,+99999,+99999","99,99,9,99,9,99,9,07620,1,99,9,99,9","060,M,+0361,1","060,N,+0256,1",,,,,,,,,,,"10102,5,10062,5","3,9,021,9,+999,9",,,,,,,,,,,,,,,,,MET11106/21/21 21:53:02 METAR KPDX 220553Z 35008KT 10SM BKN250 26/12 A2983 RMK AO2 SLP100 T02560122 10361 20256 53021,
72698024229,2021-06-22T06:00:00,4,45.59578,-122.60919,6.7,"PORTLAND INTERNATIONAL AIRPORT, OR US",FM-12,99999,V020,"350,1,N,0041,1","99999,9,9,N","016000,1,9,9","+0256,1","+0122,1","10100,1",,,,,,,,,,,,,,,,,,,,,,,,,,,,,,,,,,,,,,,,,,,,,,,,"9,AGL   ,+99999,+99999","06,99,1,99,9,99,9,99999,9,99,9,99,9","240,M,+0361,1","240,N,+0183,1",,,,,,,,,,,"99999,9,10093,1","3,1,021,1,+999,9",,,,,,,,,,,,,,,,,SYN08072698 32966 63508 10256 20122 30093 40100 53021 90553 333 10361 20183 555 92206=,
72698024229,2021-06-22T06:53:00,7,45.59578,-122.60919,6.7,"PORTLAND INTERNATIONAL AIRPORT, OR US",FM-15,KPDX ,V030,"280,5,N,0026,5","07620,5,M,N","016093,5,N,5","+0233,5","+0122,5","10102,5","01,0000,9,5",,,,,,,,,,,,,,,,,,,,,,,,,,,,,,,,,,,,,,,,"07,5,+07620,5,99,9",,,"3,99,1,+07620,5,9",,,,"9,AGL   ,+99999,+99999","99,99,9,99,9,99,9,07620,1,99,9,99,9",,,,,,,,,,,,,"10105,5,10065,5",,,,,,,,,,,,,,,,,,MET09306/21/21 22:53:02 METAR KPDX 220653Z 28005KT 10SM BKN250 23/12 A2984 RMK AO2 SLP102 T02330122,
72698024229,2021-06-22T07:53:00,7,45.59578,-122.60919,6.7,"PORTLAND INTERNATIONAL AIRPORT, OR US",FM-15,KPDX ,V030,"290,5,N,0015,5","22000,5,9,N","016093,5,N,5","+0211,5","+0133,5","10106,5","01,0000,9,5",,,,,,,,,,,,,,,,,,,,,,,,,,,,,,,,,,,,,,,,"04,5,+07620,5,99,9",,,"2,99,1,+07620,5,9",,,,"9,AGL   ,+99999,+99999","04,99,5,99,9,99,9,07620,1,99,9,99,9","240,M,+0361,1","240,N,+0183,1",,,,,,,,,,,"10108,5,10069,5",,,,,,,,,,,,,,,,,,MET10306/21/21 23:53:02 METAR KPDX 220753Z 29003KT 10SM SCT250 21/13 A2985 RMK AO2 SLP106 T02110133 403610183,D01      0ADE726
72698024229,2021-06-22T07:59:00,6,45.59578,-122.60919,6.7,"PORTLAND INTERNATIONAL AIRPORT, OR US",SOD  ,KPDX ,V030,"999,9,9,9999,9","99999,9,9,9","999999,9,9,9","+9999,9","+9999,9","99999,9","24,0000,9,5",,,,,,,,,,,,,,,,,,"0000,9,5,999999,9,9",,,"024,0000,9,5",,,,,,,,,,,,,,,,,,,,,,,,,,,,"240,M,+0361,5","240,N,+0183,5",,,,,,,,,"024,W,+0183,D,4","024,D,+0128,D,4",,,"10058,4,10095,4","10059,4,10071,4",,,,,,,,"1,24,00760,330,9999,5","2,24,00581,310,9999,5","3,24,00197,999,9999,5","024,X,073,D,4","024,N,023,D,4","024,M,045,D,4",,SOD73924 HR PRECIPITATION (IN): 0.00 SNOW DEPTH (IN):0     24 HR SNOWFALL (IN):0.0  24 HR MAX TEMP (F): 9724 HR MIN TEMP (F): 65AVERAGE STATION PRESSURE:29.705 MINIMUM SEA LEVEL PRESSURE:29.74 TIME OF OCCURRENCE:1739 PEAK WIND SPEED (MPH): 17 PEAK WIND DIR (DEG):330 PEAK WIND TIME (LST):      FASTEST 2MIN SPEED (MPH): 13FASTEST 2MIN DIR (DEG):310 FASTEST 2MIN TIME (LST):     AVERAGE WIND SPEED (MPH): 4.4 24 HR AVG TEMP (F): 81DEPART FROM NORMAL: 16  HEATING DEGREE DAYS:  0 COOLING DEGREE DAYS: 16 LATEST DAY MAX TEMP (0700-1900 LST):97  LATEST NIGHT MIN TEMP(1900-0800 LST):65 HOURLY INCREMENTAL PRECIPITATION VALUES (IN):.00 0.00 0.00 0.00 0.00 0.00 0.00 0.00 0.00 0.00 0.00 0.00 0.00 0.00 0.00 0.00 0.00 0.00 0.00 0.00 0.00 0.00 0.00 0.00,
72698024229,2021-06-22T08:53:00,7,45.59578,-122.60919,6.7,"PORTLAND INTERNATIONAL AIRPORT, OR US",FM-15,KPDX ,V030,"999,9,C,0000,5","22000,5,9,N","016093,5,N,5","+0206,5","+0133,5","10108,5","01,0000,9,5",,,,,,,,,,,,,,,,,,,,,,,,,,,,,,,,,,,,,,,,"02,5,+06096,5,99,9",,,"1,99,1,+06096,5,9",,,,"9,AGL   ,+99999,+99999","02,99,5,99,9,99,9,06096,1,99,9,99,9",,,,,,,,,,,,,"10112,5,10072,5","2,9,008,9,+999,9",,,,,,,,,,,,,,,,,MET10506/22/21 00:53:02 METAR KPDX 220853Z 00000KT 10SM FEW200 21/13 A2986 RMK AO2 SLP108 T02060133 52008 (FAM),D01      0ADE726
72698024229,2021-06-22T09:53:00,7,45.59578,-122.60919,6.7,"PORTLAND INTERNATIONAL AIRPORT, OR US",FM-15,KPDX ,V030,"010,5,N,0015,5","22000,5,9,N","016093,5,N,5","+0206,5","+0133,5","10110,5","01,0000,9,5",,,,,,,,,,,,,,,,,,,,,,,,,,,,,,,,,,,,,,,,"02,5,+06096,5,99,9",,,"1,99,1,+06096,5,9",,,,"9,AGL   ,+99999,+99999","02,99,5,99,9,99,9,06096,1,99,9,99,9",,,,,,,,,,,,,"10112,5,10072,5",,,,,,,,,,,,,,,,,,MET09906/22/21 01:53:02 METAR KPDX 220953Z 01003KT 10SM FEW200 21/13 A2986 RMK AO2 SLP110 T02060133 (FAM),D01      0ADE726
72698024229,2021-06-22T10:53:00,7,45.59578,-122.60919,6.7,"PORTLAND INTERNATIONAL AIRPORT, OR US",FM-15,KPDX ,V030,"260,5,N,0015,5","22000,5,9,N","016093,5,N,5","+0189,5","+0133,5","10114,5","01,0000,9,5",,,,,,,,,,,,,,,,,,,,,,,,,,,,,,,,,,,,,,,,"02,5,+06096,5,99,9",,,"1,99,1,+06096,5,9",,,,"9,AGL   ,+99999,+99999","02,99,5,99,9,99,9,06096,1,99,9,99,9",,,,,,,,,,,,,"10115,5,10076,5",,,,,,,,,,,,,,,,,,MET09906/22/21 02:53:02 METAR KPDX 221053Z 26003KT 10SM FEW200 19/13 A2987 RMK AO2 SLP114 T01890133 (FAM),D01      0ADE726
72698024229,2021-06-22T11:53:00,7,45.59578,-122.60919,6.7,"PORTLAND INTERNATIONAL AIRPORT, OR US",FM-15,KPDX ,V030,"060,5,N,0021,5","22000,5,9,N","016093,5,N,5","+0189,5","+0122,5","10118,5","01,0000,9,5",,,,,,,,,,,,,,,,,,,,,,,,,,,,,,,,,,,,,,,,"02,5,+02438,5,99,9","02,5,+04572,5,99,9",,"1,99,1,+02438,5,9","1,99,1,+04572,5,9",,,"9,AGL   ,+99999,+99999","02,99,5,99,9,99,9,02438,1,99,9,99,9","060,M,+0256,1","060,N,+0183,1",,,,,,,,,,,"10122,5,10082,5","3,9,010,9,+999,9",,,,,,,,,,,,,,,,,MET13006/22/21 03:53:02 METAR KPDX 221153Z 06004KT 10SM FEW080 FEW150 19/12 A2989 RMK AO2 SLP118 ACC N T01890122 10256 20183 53010 (FAM),D01      0ADE726
72698024229,2021-06-22T12:00:00,4,45.59578,-122.60919,6.7,"PORTLAND INTERNATIONAL AIRPORT, OR US",FM-12,99999,V020,"060,1,N,0021,1","22000,1,9,N","016000,1,9,9","+0189,1","+0122,1","10118,1",,,,,,,,,,,,,,,,,,,,,,,,,,,,,,,,,,,,,,,,,"99,9,+02250,1,99,9",,,,,,,"9,AGL   ,+99999,+99999","02,99,1,99,9,99,9,02250,1,99,9,99,9","240,M,+0361,1","240,N,+0183,1",,,,,,,,,,,"99999,9,10113,1","3,1,010,1,+999,9",,,,,,,,,,,,,,,,,SYN08072698 32866 20604 10189 20122 30113 40118 53010 91153 333 10361 20183 555 92212=,
72698024229,2021-06-22T12:53:00,7,45.59578,-122.60919,6.7,"PORTLAND INTERNATIONAL AIRPORT, OR US",FM-15,KPDX ,V030,"020,5,N,0021,5","22000,5,9,N","016093,5,N,5","+0172,5","+0122,5","10124,5","01,0000,9,5",,,,,,,,,,,,,,,,,,,,,,,,,,,,,,,,,,,,,,,,"02,5,+04572,5,99,9",,,"1,99,1,+04572,5,9",,,,"9,AGL   ,+99999,+99999","02,99,5,99,9,99,9,04572,1,99,9,99,9",,,,,,,,,,,,,"10125,5,10086,5",,,,,,,,,,,,,,,,,,MET09906/22/21 04:53:02 METAR KPDX 221253Z 02004KT 10SM FEW150 17/12 A2990 RMK AO2 SLP124 T01720122 (JDM),D01      0ADE726
72698024229,2021-06-22T13:53:00,7,45.59578,-122.60919,6.7,"PORTLAND INTERNATIONAL AIRPORT, OR US",FM-15,KPDX ,V030,"330,5,N,0021,5","22000,5,9,N","016093,5,N,5","+0172,5","+0128,5","10128,5","01,0000,9,5",,,,,,,,,,,,,,,,,,,,,,,,,,,,,,,,,,,,,,,,"02,5,+00366,5,99,9","02,5,+04572,5,99,9",,"1,99,1,+00366,5,9","1,99,1,+04572,5,9",,,"9,AGL   ,+99999,+99999","02,99,5,99,9,99,9,00366,1,99,9,99,9",,,,,,,,,,,,,"10129,5,10089,5",,,,,,,,,,,,,,,,,,MET10606/22/21 05:53:02 METAR KPDX 221353Z 33004KT 10SM FEW012 FEW150 17/13 A2991 RMK AO2 SLP128 T01720128 (JDM),D01      0ADE726
72698024229,2021-06-22T14:53:00,7,45.59578,-122.60919,6.7,"PORTLAND INTERNATIONAL AIRPORT, OR US",FM-15,KPDX ,V030,"320,5,N,0026,5","22000,5,9,N","016093,5,N,5","+0178,5","+0128,5","10130,5","01,0000,9,5",,,,,,,,,,,,,,,,,,,,,,,,,,,,,,,,,,,,,,,,"02,5,+00366,5,99,9","02,5,+04572,5,99,9","02,5,+07620,5,99,9","1,99,1,+00366,5,9","1,99,1,+04572,5,9","1,99,1,+07620,5,9",,"9,AGL   ,+99999,+99999","02,99,5,99,9,99,9,00366,1,99,9,99,9",,,,,,,,,,,,,"10132,5,10092,5","1,9,012,9,+999,9",,,,,,,,,,,,,,,,,MET11906/22/21 06:53:02 METAR KPDX 221453Z 32005KT 10SM FEW012 FEW150 FEW250 18/13 A2992 RMK AO2 SLP130 T01780128 51012 (JDM),D01      0ADE726
72698024229,2021-06-22T15:53:00,7,45.59578,-122.60919,6.7,"PORTLAND INTERNATIONAL AIRPORT, OR US",FM-15,KPDX ,V030,"300,5,N,0036,5","22000,5,9,N","016093,5,N,5","+0189,5","+0128,5","10130,5","01,0000,9,5",,,,,,,,,,,,,,,,,,,,,,,,,,,,,,,,,,,,,,,,"00,5,+99999,9,99,9",,,"0,99,1,+99999,9,9",,,,,"00,99,1,99,9,99,9,99999,9,99,9,99,9",,,,,,,,,,,,,"10132,5,10092,5",,,,,,,,,,,,,,,,,,MET09606/22/21 07:53:02 METAR KPDX 221553Z 30007KT 10SM CLR 19/13 A2992 RMK AO2 SLP130 T01890128 (JDM),
72698024229,2021-06-22T16:53:00,7,45.59578,-122.60919,6.7,"PORTLAND INTERNATIONAL AIRPORT, OR US",FM-15,KPDX ,V030,"290,5,N,0036,5","22000,5,9,N","016093,5,N,5","+0206,5","+0133,5","10126,5","01,0000,9,5",,,,,,,,,,,,,,,,,,,,,,,,,,,,,,,,,,,,,,,,"02,5,+00457,5,99,9","02,5,+04572,5,99,9","02,5,+07620,5,99,9","1,99,1,+00457,5,9","1,99,1,+04572,5,9","1,99,1,+07620,5,9",,"9,AGL   ,+99999,+99999","02,99,5,99,9,99,9,00457,1,99,9,99,9",,,,,,,,,,,,,"10129,5,10089,5",,,,,,,,,,,,,,,,,,MET11306/22/21 08:53:02 METAR KPDX 221653Z 29007KT 10SM FEW015 FEW150 FEW250 21/13 A2991 RMK AO2 SLP126 T02060133 (JDM),D01      0ADE726
72698024229,2021-06-22T17:53:00,7,45.59578,-122.60919,6.7,"PORTLAND INTERNATIONAL AIRPORT, OR US",FM-15,KPDX ,V030,"300,5,N,0036,5","22000,5,9,N","016093,5,N,5","+0217,5","+0133,5","10121,5","01,0000,9,5",,,,,,,,,,,,,,,,,,,,,,,,,,,,,,,,,,,,,,,,"00,5,+99999,9,99,9",,,"0,99,1,+99999,9,9",,,,,"00,99,1,99,9,99,9,99999,9,99,9,99,9","060,M,+0217,1","060,N,+0172,1",,,,,,,,,,,"10122,5,10082,5","8,9,009,9,+999,9",,,,,,,,,,,,,,,,,MET11406/22/21 09:53:02 METAR KPDX 221753Z 30007KT 10SM CLR 22/13 A2989 RMK AO2 SLP121 T02170133 10217 20172 58009 (JDM),
72698024229,2021-06-22T18:00:00,4,45.59578,-122.60919,6.7,"PORTLAND INTERNATIONAL AIRPORT, OR US",FM-12,99999,V020,"300,1,N,0036,1","99999,9,9,N","016000,1,9,9","+0217,1","+0133,1","10121,1",,,,,,,,,,,,,,,,,,,,,,,,,,,,,,,,,,,,,,,,,,,,,,,,,,"120,M,+0256,1","120,N,+0172,1",,,,,,,,,,,"99999,9,10113,1","8,1,009,1,+999,9",,,,,,,,,,,,,,,,,SYN08072698 32966 03007 10217 20133 30113 40121 58009 91753 333 10256 20172 555 92218=,
72698024229,2021-06-22T18:53:00,7,45.59578,-122.60919,6.7,"PORTLAND INTERNATIONAL AIRPORT, OR US",FM-15,KPDX ,V030,"999,9,V,0026,5","22000,5,9,N","016093,5,N,5","+0233,5","+0133,5","10116,5","01,0000,9,5",,,,,,,,,,,,,,,,,,,,,,,,,,,,,,,,,,,,,,,,"02,5,+04572,5,99,9","02,5,+07620,5,99,9",,"1,99,1,+04572,5,9","1,99,1,+07620,5,9",,,"9,AGL   ,+99999,+99999","02,99,5,99,9,99,9,04572,1,99,9,99,9",,,,,,,,,,,,,"10119,5,10079,5",,,,,,,,,,,,,,,,,,MET10006/22/21 10:53:02 METAR KPDX 221853Z VRB05KT 10SM FEW150 FEW250 23/13 A2988 RMK AO2 SLP116 T02330133,D01      0ADE726
72698024229,2021-06-22T19:53:00,7,45.59578,-122.60919,6.7,"PORTLAND INTERNATIONAL AIRPORT, OR US",FM-15,KPDX ,V030,"290,5,N,0026,5","22000,5,9,N","016093,5,N,5","+0250,5","+0128,5","10112,5","01,0000,9,5",,,,,,,,,,,,,,,,,,,,,,,,,,,,,,,,,,,,,,,,"02,5,+04572,5,99,9","02,5,+07620,5,99,9",,"1,99,1,+04572,5,9","1,99,1,+07620,5,9",,,"9,AGL   ,+99999,+99999","02,99,5,99,9,99,9,04572,1,99,9,99,9",,,,,,,,,,,,,"10112,5,10072,5",,,,,,,,,,,,,,,,,,MET10006/22/21 11:53:02 METAR KPDX 221953Z 29005KT 10SM FEW150 FEW250 25/13 A2986 RMK AO2 SLP112 T02500128,D01      0ADE726
72698024229,2021-06-22T20:53:00,7,45.59578,-122.60919,6.7,"PORTLAND INTERNATIONAL AIRPORT, OR US",FM-15,KPDX ,V030,"310,5,N,0021,5","07010,5,M,N","016093,5,N,5","+0261,5","+0133,5","10107,5","01,0000,9,5",,,,,,,,,,,,,,,,,,,,,,,,,,,,,,,,,,,,,,,,"02,5,+04572,5,99,9","07,5,+07010,5,99,9",,"1,99,1,+04572,5,9","3,99,1,+07010,5,9",,,"9,AGL   ,+99999,+99999","99,99,9,99,9,99,9,04572,1,99,9,99,9",,,,,,,,,,,,,"10108,5,10069,5","8,9,014,9,+999,9",,,,,,,,,,,,,,,,,MET10606/22/21 12:53:02 METAR KPDX 222053Z 31004KT 10SM FEW150 BKN230 26/13 A2985 RMK AO2 SLP107 T02610133 58014,
72698024229,2021-06-22T21:53:00,7,45.59578,-122.60919,6.7,"PORTLAND INTERNATIONAL AIRPORT, OR US",FM-15,KPDX ,V030,"310,5,N,0046,5","07010,5,M,N","016093,5,N,5","+0272,5","+0150,5","10100,5","01,0000,9,5",,,,,,,,,,,,,,,,,,,,,,,,,,,,,,,,,,,,,,,,"07,5,+07010,5,99,9",,,"3,99,1,+07010,5,9",,,,"9,AGL   ,+99999,+99999","99,99,9,99,9,99,9,07010,1,99,9,99,9",,,,,,,,,,,,,"10102,5,10062,5",,,,,,,,,,,,,,,,,,MET09306/22/21 13:53:02 METAR KPDX 222153Z 31009KT 10SM BKN230 27/15 A2983 RMK AO2 SLP100 T02720150,
72698024229,2021-06-22T22:53:00,7,45.59578,-122.60919,6.7,"PORTLAND INTERNATIONAL AIRPORT, OR US",FM-15,KPDX ,V030,"290,5,N,0041,5","07010,5,M,N","016093,5,N,5","+0278,5","+0150,5","10095,5","01,0000,9,5",,,,,,,,,,,,,,,,,,,,,,,,,,,,,,,,,,,,,,,,"02,5,+02438,5,99,9","07,5,+07010,5,99,9",,"1,99,1,+02438,5,9","3,99,1,+07010,5,9",,,"9,AGL   ,+99999,+99999","99,99,9,99,9,99,9,02438,1,99,9,99,9",,,,,,,,,,,,,"10095,5,10055,5",,,,,,,,,,,,,,,,,,MET10006/22/21 14:53:02 METAR KPDX 222253Z 29008KT 10SM FEW080 BKN230 28/15 A2981 RMK AO2 SLP095 T02780150,
72698024229,2021-06-22T23:53:00,7,45.59578,-122.60919,6.7,"PORTLAND INTERNATIONAL AIRPORT, OR US",FM-15,KPDX ,V030,"290,5,N,0036,5","06706,5,M,N","016093,5,N,5","+0278,5","+0156,5","10091,5","01,0000,9,5",,,,,,,,,,,,,,,,,,,,,,,,,,,,,,,,,,,,,,,,"02,5,+02438,5,99,9","04,5,+04877,5,99,9","07,5,+06706,5,99,9","1,99,1,+02438,5,9","2,99,1,+04877,5,9","3,99,1,+06706,5,9",,"9,AGL   ,+99999,+99999","99,99,9,99,9,99,9,02438,1,99,9,99,9","060,M,+0283,1","060,N,+0217,1",,,,,,,,,,,"10091,5,10052,5","6,9,016,9,+999,9",,,,,,,,,,,,,,,,,MET12506/22/21 15:53:02 METAR KPDX 222353Z 29007KT 10SM FEW080 SCT160 BKN220 28/16 A2980 RMK AO2 SLP091 T02780156 10283 20217 56016,
